  code            ,rgb             ,hex    ,name
  100 CP          ,"rgb(252,234,118)",#FCEA76,    
  101 CP          ,"rgb(252,232,95) ",#FCE85F,    
  102 CP          ,"rgb(254,229,0)  ",#FEE500,    
  103 CP          ,"rgb(208,188,0)  ",#D0BC00,    
  104 CP          ,"rgb(187,163,13) ",#BBA30D,    
  105 CP          ,"rgb(153,135,48) ",#998730,    
  106 CP          ,"rgb(252,232,93) ",#FCE85D,    
  107 CP          ,"rgb(253,231,36) ",#FDE724,    
  108 CP          ,"rgb(249,218,0)  ",#F9DA00,    
  109 CP          ,"rgb(248,213,0)  ",#F8D500,    
  110 CP          ,"rgb(219,178,22) ",#DBB216,    
  111 CP          ,"rgb(182,153,32) ",#B69920,    
  112 CP          ,"rgb(164,140,26) ",#A48C1A,    
  113 CP          ,"rgb(250,227,78) ",#FAE34E,    
  114 CP          ,"rgb(249,222,69) ",#F9DE45,    
  115 CP          ,"rgb(248,219,70) ",#F8DB46,    
  116 CP          ,"rgb(245,203,8)  ",#F5CB08,    
  117 CP          ,"rgb(205,163,31) ",#CDA31F,    
  118 CP          ,"rgb(180,143,31) ",#B48F1F,    
  119 CP          ,"rgb(147,127,32) ",#937F20,    
  120 CP          ,"rgb(247,221,118)",#F7DD76,    
  121 CP          ,"rgb(246,216,111)",#F6D86F,    
  122 CP          ,"rgb(245,210,88) ",#F5D258,    
  123 CP          ,"rgb(242,197,65) ",#F2C541,    
  124 CP          ,"rgb(237,178,32) ",#EDB220,    
  125 CP          ,"rgb(187,145,33) ",#BB9121,    
  126 CP          ,"rgb(167,134,29) ",#A7861D,    
  127 CP          ,"rgb(250,225,123)",#FAE17B,    
  128 CP          ,"rgb(248,217,98) ",#F8D962,    
  129 CP          ,"rgb(246,209,90) ",#F6D15A,    
  130 CP          ,"rgb(237,172,26) ",#EDAC1A,    
  131 CP          ,"rgb(208,148,31) ",#D0941F,    
  132 CP          ,"rgb(171,127,32) ",#AB7F20,    
  133 CP          ,"rgb(119,95,31)  ",#775F1F,    
  134 CP          ,"rgb(245,210,122)",#F5D27A,    
  135 CP          ,"rgb(241,193,92) ",#F1C15C,    
  136 CP          ,"rgb(239,182,70) ",#EFB646,    
  137 CP          ,"rgb(234,161,36) ",#EAA124,    
  138 CP          ,"rgb(230,140,40) ",#E68C28,    
  139 CP          ,"rgb(178,120,39) ",#B27827,    
  140 CP          ,"rgb(125,90,37)  ",#7D5A25,    
  141 CP          ,"rgb(245,205,102)",#F5CD66,    
  142 CP          ,"rgb(242,191,76) ",#F2BF4C,    
  143 CP          ,"rgb(240,179,54) ",#F0B336,    
  144 CP          ,"rgb(234,150,28) ",#EA961C,    
  145 CP          ,"rgb(208,137,33) ",#D08921,    
  146 CP          ,"rgb(169,118,32) ",#A97620,    
  147 CP          ,"rgb(120,100,40) ",#786428,    
  148 CP          ,"rgb(244,209,153)",#F4D199,    
  149 CP          ,"rgb(242,198,136)",#F2C688,    
  150 CP          ,"rgb(237,170,80) ",#EDAA50,    
  151 CP          ,"rgb(232,141,33) ",#E88D21,    
  152 CP          ,"rgb(230,133,35) ",#E68523,    
  153 CP          ,"rgb(193,119,35) ",#C17723,    
  154 CP          ,"rgb(157,97,32)  ",#9D6120,    
  155 CP          ,"rgb(245,215,165)",#F5D7A5,    
  156 CP          ,"rgb(241,195,130)",#F1C382,    
  157 CP          ,"rgb(235,163,68) ",#EBA344,    
  158 CP          ,"rgb(228,126,26) ",#E47E1A,    
  159 CP          ,"rgb(208,101,30) ",#D0651E,    
  160 CP          ,"rgb(171,90,32)  ",#AB5A20,    
  161 CP          ,"rgb(102,64,29)  ",#66401D,    
  162 CP          ,"rgb(240,196,160)",#F0C4A0,    
  163 CP          ,"rgb(235,166,119)",#EBA677,    
  164 CP          ,"rgb(230,138,72) ",#E68A48,    
  165 CP          ,"rgb(227,120,40) ",#E37828,    
  166 CP          ,"rgb(224,108,42) ",#E06C2A,    
  167 CP          ,"rgb(187,93,41)  ",#BB5D29,    
  168 CP          ,"rgb(111,59,32)  ",#6F3B20,    
  169 CP          ,"rgb(238,188,168)",#EEBCA8,    
  170 CP          ,"rgb(232,156,119)",#E89C77,    
  171 CP          ,"rgb(228,131,78) ",#E4834E,    
  172 CP          ,"rgb(224,110,55) ",#E06E37,    
  173 CP          ,"rgb(215,87,43)  ",#D7572B,    
  174 CP          ,"rgb(156,65,36)  ",#9C4124,    
  175 CP          ,"rgb(119,64,46)  ",#77402E,    
  176 CP          ,"rgb(237,185,180)",#EDB9B4,    
  177 CP          ,"rgb(231,148,138)",#E7948A,    
  178 CP          ,"rgb(226,120,101)",#E27865,    
  179 CP          ,"rgb(221,81,67)  ",#DD5143,    
  180 CP          ,"rgb(193,67,60)  ",#C1433C,    
  181 CP          ,"rgb(128,53,47)  ",#80352F,    
  182 CP          ,"rgb(236,190,197)",#ECBEC5,    
  183 CP          ,"rgb(231,156,166)",#E79CA6,    
  184 CP          ,"rgb(223,107,124)",#DF6B7C,    
  185 CP          ,"rgb(217,55,64)  ",#D93740,    
  186 CP          ,"rgb(201,42,57)  ",#C92A39,    
  187 CP          ,"rgb(172,43,55)  ",#AC2B37,    
  188 CP          ,"rgb(125,41,53)  ",#7D2935,    
  189 CP          ,"rgb(235,179,188)",#EBB3BC,    
  190 CP          ,"rgb(229,143,158)",#E58F9E,    
  191 CP          ,"rgb(222,98,118) ",#DE6276,    
  192 CP          ,"rgb(219,59,80)  ",#DB3B50,    
  193 CP          ,"rgb(195,46,76)  ",#C32E4C,    
  194 CP          ,"rgb(157,41,69)  ",#9D2945,    
  195 CP          ,"rgb(126,53,69)  ",#7E3545,    
  196 CP          ,"rgb(239,202,208)",#EFCAD0,    
  197 CP          ,"rgb(232,161,176)",#E8A1B0,    
  198 CP          ,"rgb(220,86,114) ",#DC5672,    
  199 CP          ,"rgb(216,41,73)  ",#D82949,    
  200 CP          ,"rgb(191,43,69)  ",#BF2B45,    
  201 CP          ,"rgb(161,42,61)  ",#A12A3D,    
  202 CP          ,"rgb(141,40,56)  ",#8D2838,    
  203 CP          ,"rgb(234,179,201)",#EAB3C9,    
  204 CP          ,"rgb(227,135,170)",#E387AA,    
  205 CP          ,"rgb(221,84,132) ",#DD5484,    
  206 CP          ,"rgb(216,36,85)  ",#D82455,    
  207 CP          ,"rgb(176,36,74)  ",#B0244A,    
  208 CP          ,"rgb(140,35,69)  ",#8C2345,    
  209 CP          ,"rgb(119,37,60)  ",#77253C,    
  210 CP          ,"rgb(233,171,194)",#E9ABC2,    
  211 CP          ,"rgb(229,139,173)",#E58BAD,    
  212 CP          ,"rgb(223,103,151)",#DF6797,    
  213 CP          ,"rgb(219,62,121) ",#DB3E79,    
  214 CP          ,"rgb(207,35,102) ",#CF2366,    
  215 CP          ,"rgb(170,33,87)  ",#AA2157,    
  216 CP          ,"rgb(128,36,71)  ",#802447,    
  217 CP          ,"rgb(232,186,210)",#E8BAD2,    
  218 CP          ,"rgb(221,129,175)",#DD81AF,    
  219 CP          ,"rgb(215,55,134) ",#D73786,    
  220 CP          ,"rgb(174,35,89)  ",#AE2359,    
  221 CP          ,"rgb(156,36,82)  ",#9C2452,    
  222 CP          ,"rgb(115,36,68)  ",#732444,    
  223 CP          ,"rgb(227,158,193)",#E39EC1,    
  224 CP          ,"rgb(217,119,169)",#D977A9,    
  225 CP          ,"rgb(211,70,143) ",#D3468F,    
  226 CP          ,"rgb(215,12,122) ",#D70C7A,    
  227 CP          ,"rgb(175,28,99)  ",#AF1C63,    
  228 CP          ,"rgb(143,32,84)  ",#8F2054,    
  229 CP          ,"rgb(109,34,68)  ",#6D2244,    
  230 CP          ,"rgb(230,174,203)",#E6AECB,    
  231 CP          ,"rgb(220,138,182)",#DC8AB6,    
  232 CP          ,"rgb(213,118,170)",#D576AA,    
  233 CP          ,"rgb(195,22,124) ",#C3167C,    
  234 CP          ,"rgb(164,26,103) ",#A41A67,    
  235 CP          ,"rgb(139,30,86)  ",#8B1E56,    
  236 CP          ,"rgb(228,182,210)",#E4B6D2,    
  237 CP          ,"rgb(218,147,189)",#DA93BD,    
  238 CP          ,"rgb(204,108,166)",#CC6CA6,    
  239 CP          ,"rgb(197,90,157) ",#C55A9D,    
  240 CP          ,"rgb(191,73,148) ",#BF4994,    
  241 CP          ,"rgb(172,43,129) ",#AC2B81,    
  242 CP          ,"rgb(129,37,92)  ",#81255C,    
  243 CP          ,"rgb(227,187,212)",#E3BBD4,    
  244 CP          ,"rgb(215,162,198)",#D7A2C6,    
  245 CP          ,"rgb(201,135,181)",#C987B5,    
  246 CP          ,"rgb(176,69,144) ",#B04590,    
  247 CP          ,"rgb(171,51,136) ",#AB3388,    
  248 CP          ,"rgb(161,45,134) ",#A12D86,    
  249 CP          ,"rgb(133,50,107) ",#85326B,    
  250 CP          ,"rgb(224,194,217)",#E0C2D9,    
  251 CP          ,"rgb(204,165,201)",#CCA5C9,    
  252 CP          ,"rgb(184,118,172)",#B876AC,    
  253 CP          ,"rgb(158,58,138) ",#9E3A8A,    
  254 CP          ,"rgb(148,45,131) ",#942D83,    
  255 CP          ,"rgb(118,45,106) ",#762D6A,    
  256 CP          ,"rgb(220,200,221)",#DCC8DD,    
  257 CP          ,"rgb(201,172,205)",#C9ACCD,    
  258 CP          ,"rgb(146,87,155) ",#92579B,    
  259 CP          ,"rgb(122,50,126) ",#7A327E,    
  260 CP          ,"rgb(107,47,107) ",#6B2F6B,    
  261 CP          ,"rgb(98,41,92)   ",#62295C,    
  262 CP          ,"rgb(92,45,84)   ",#5C2D54,    
  263 CP          ,"rgb(219,206,227)",#DBCEE3,    
  264 CP          ,"rgb(187,165,204)",#BBA5CC,    
  265 CP          ,"rgb(141,108,171)",#8D6CAB,    
  266 CP          ,"rgb(106,69,147) ",#6A4593,    
  267 CP          ,"rgb(97,57,139)  ",#61398B,    
  268 CP          ,"rgb(89,49,124)  ",#59317C,    
  269 CP          ,"rgb(82,45,106)  ",#522D6A,    
  270 CP          ,"rgb(181,183,215)",#B5B7D7,    
  271 CP          ,"rgb(144,147,196)",#9093C4,    
  272 CP          ,"rgb(122,121,179)",#7A79B3,    
  273 CP          ,"rgb(52,49,117)  ",#343175,    
  274 CP          ,"rgb(48,45,99)   ",#302D63,    
  275 CP          ,"rgb(44,40,85)   ",#2C2855,    
  276 CP          ,"rgb(40,34,60)   ",#28223C,    
  277 CP          ,"rgb(169,199,229)",#A9C7E5,    
  278 CP          ,"rgb(145,183,222)",#91B7DE,    
  279 CP          ,"rgb(92,141,198) ",#5C8DC6,    
  280 CP          ,"rgb(34,58,118)  ",#223A76,    
  281 CP          ,"rgb(35,53,107)  ",#23356B,    
  282 CP          ,"rgb(37,40,73)   ",#252849,    
  283 CP          ,"rgb(152,195,229)",#98C3E5,    
  284 CP          ,"rgb(117,172,218)",#75ACDA,    
  285 CP          ,"rgb(43,116,183) ",#2B74B7,    
  286 CP          ,"rgb(36,80,154)  ",#24509A,    
  287 CP          ,"rgb(26,71,132)  ",#1A4784,    
  288 CP          ,"rgb(34,61,114)  ",#223D72,    
  289 CP          ,"rgb(33,48,78)   ",#21304E,    
  290 CP          ,"rgb(192,225,237)",#C0E1ED,    
  291 CP          ,"rgb(161,205,235)",#A1CDEB,    
  292 CP          ,"rgb(110,177,222)",#6EB1DE,    
  293 CP          ,"rgb(27,81,150)  ",#1B5196,    
  294 CP          ,"rgb(27,70,119)  ",#1B4677,    
  295 CP          ,"rgb(31,58,96)   ",#1F3A60,    
  296 CP          ,"rgb(36,41,53)   ",#242935,    
  297 CP          ,"rgb(124,203,234)",#7CCBEA,    
  298 CP          ,"rgb(81,186,232) ",#51BAE8,    
  299 CP          ,"rgb(0,160,220)  ",#00A0DC,    
  300 CP          ,"rgb(0,108,180)  ",#006CB4,    
  301 CP          ,"rgb(0,91,149)   ",#005B95,    
  302 CP          ,"rgb(0,73,106)   ",#00496A,    
  303 CP          ,"rgb(14,55,71)   ",#0E3747,    
  304 CP          ,"rgb(166,214,222)",#A6D6DE,    
  305 CP          ,"rgb(115,198,220)",#73C6DC,    
  306 CP          ,"rgb(0,179,219)  ",#00B3DB,    
  307 CP          ,"rgb(0,118,174)  ",#0076AE,    
  308 CP          ,"rgb(0,98,135)   ",#006287,    
  309 CP          ,"rgb(0,66,82)    ",#004252,    
  310 CP          ,"rgb(137,204,218)",#89CCDA,    
  311 CP          ,"rgb(79,187,209) ",#4FBBD1,    
  312 CP          ,"rgb(0,168,208)  ",#00A8D0,    
  313 CP          ,"rgb(0,152,199)  ",#0098C7,    
  314 CP          ,"rgb(0,132,172)  ",#0084AC,    
  315 CP          ,"rgb(0,106,133)  ",#006A85,    
  316 CP          ,"rgb(0,77,88)    ",#004D58,    
  317 CP          ,"rgb(196,225,222)",#C4E1DE,    
  318 CP          ,"rgb(161,211,211)",#A1D3D3,    
  319 CP          ,"rgb(111,193,194)",#6FC1C2,    
  320 CP          ,"rgb(0,161,170)  ",#00A1AA,    
  321 CP          ,"rgb(0,146,150)  ",#009296,    
  322 CP          ,"rgb(0,122,123)  ",#007A7B,    
  323 CP          ,"rgb(0,97,96)    ",#006160,    
  324 CP          ,"rgb(177,216,213)",#B1D8D5,    
  325 CP          ,"rgb(136,201,196)",#88C9C4,    
  326 CP          ,"rgb(47,178,171) ",#2FB2AB,    
  327 CP          ,"rgb(0,144,125)  ",#00907D,    
  328 CP          ,"rgb(0,117,104)  ",#007568,    
  329 CP          ,"rgb(0,106,95)   ",#006A5F,    
  330 CP          ,"rgb(38,92,80)   ",#265C50,    
  331 CP          ,"rgb(189,221,210)",#BDDDD2,    
  332 CP          ,"rgb(177,216,204)",#B1D8CC,    
  333 CP          ,"rgb(138,201,185)",#8AC9B9,    
  334 CP          ,"rgb(0,154,110)  ",#009A6E,    
  335 CP          ,"rgb(0,128,94)   ",#00805E,    
  336 CP          ,"rgb(0,105,78)   ",#00694E,    
  337 CP          ,"rgb(168,211,198)",#A8D3C6,    
  338 CP          ,"rgb(143,201,184)",#8FC9B8,    
  339 CP          ,"rgb(29,172,138) ",#1DAC8A,    
  340 CP          ,"rgb(0,158,105)  ",#009E69,    
  341 CP          ,"rgb(0,132,91)   ",#00845B,    
  342 CP          ,"rgb(0,112,85)   ",#007055,    
  343 CP          ,"rgb(40,94,72)   ",#285E48,    
  344 CP          ,"rgb(180,216,186)",#B4D8BA,    
  345 CP          ,"rgb(160,207,168)",#A0CFA8,    
  346 CP          ,"rgb(135,197,151)",#87C597,    
  347 CP          ,"rgb(0,163,81)   ",#00A351,    
  348 CP          ,"rgb(0,143,76)   ",#008F4C,    
  349 CP          ,"rgb(30,112,64)  ",#1E7040,    
  350 CP          ,"rgb(50,85,59)   ",#32553B,    
  351 CP          ,"rgb(190,219,191)",#BEDBBF,    
  352 CP          ,"rgb(172,211,177)",#ACD3B1,    
  353 CP          ,"rgb(163,207,171)",#A3CFAB,    
  354 CP          ,"rgb(61,170,75)  ",#3DAA4B,    
  355 CP          ,"rgb(0,161,68)   ",#00A144,    
  356 CP          ,"rgb(0,129,57)   ",#008139,    
  357 CP          ,"rgb(28,86,48)   ",#1C5630,    
  358 CP          ,"rgb(180,212,162)",#B4D4A2,    
  359 CP          ,"rgb(170,208,149)",#AAD095,    
  360 CP          ,"rgb(124,187,90) ",#7CBB5A,    
  361 CP          ,"rgb(86,175,64)  ",#56AF40,    
  362 CP          ,"rgb(78,169,63)  ",#4EA93F,    
  363 CP          ,"rgb(79,146,55)  ",#4F9237,    
  364 CP          ,"rgb(76,120,45)  ",#4C782D,    
  365 CP          ,"rgb(202,220,157)",#CADC9D,    
  366 CP          ,"rgb(189,214,141)",#BDD68D,    
  367 CP          ,"rgb(171,204,109)",#ABCC6D,    
  368 CP          ,"rgb(124,184,47) ",#7CB82F,    
  369 CP          ,"rgb(114,180,49) ",#72B431,    
  370 CP          ,"rgb(106,149,41) ",#6A9529,    
  371 CP          ,"rgb(88,101,32)  ",#586520,    
  372 CP          ,"rgb(217,226,157)",#D9E29D,    
  373 CP          ,"rgb(209,221,141)",#D1DD8D,    
  374 CP          ,"rgb(195,212,104)",#C3D468,    
  375 CP          ,"rgb(169,200,51) ",#A9C833,    
  376 CP          ,"rgb(152,193,29) ",#98C11D,    
  377 CP          ,"rgb(136,166,32) ",#88A620,    
  378 CP          ,"rgb(93,104,33)  ",#5D6821,    
  379 CP          ,"rgb(224,225,122)",#E0E17A,    
  380 CP          ,"rgb(215,219,84) ",#D7DB54,    
  381 CP          ,"rgb(203,212,33) ",#CBD421,    
  382 CP          ,"rgb(198,210,25) ",#C6D219,    
  383 CP          ,"rgb(167,176,25) ",#A7B019,    
  384 CP          ,"rgb(151,153,22) ",#979916,    
  385 CP          ,"rgb(126,119,33) ",#7E7721,    
  386 CP          ,"rgb(231,227,109)",#E7E36D,    
  387 CP          ,"rgb(225,222,80) ",#E1DE50,    
  388 CP          ,"rgb(219,220,79) ",#DBDC4F,    
  389 CP          ,"rgb(207,214,65) ",#CFD641,    
  390 CP          ,"rgb(188,198,0)  ",#BCC600,    
  391 CP          ,"rgb(155,153,18) ",#9B9912,    
  392 CP          ,"rgb(134,129,24) ",#868118,    
  393 CP          ,"rgb(236,230,131)",#ECE683,    
  394 CP          ,"rgb(237,228,97) ",#EDE461,    
  395 CP          ,"rgb(232,223,47) ",#E8DF2F,    
  396 CP          ,"rgb(230,221,1)  ",#E6DD01,    
  397 CP          ,"rgb(192,185,0)  ",#C0B900,    
  398 CP          ,"rgb(179,167,0)  ",#B3A700,    
  399 CP          ,"rgb(160,148,7)  ",#A09407,    
  400 CP          ,"rgb(198,192,182)",#C6C0B6,    
  401 CP          ,"rgb(173,168,159)",#ADA89F,    
  402 CP          ,"rgb(156,149,140)",#9C958C,    
  403 CP          ,"rgb(136,129,120)",#888178,    
  404 CP          ,"rgb(116,109,101)",#746D65,    
  405 CP          ,"rgb(98,91,84)   ",#625B54,    
  406 CP          ,"rgb(203,196,189)",#CBC4BD,    
  407 CP          ,"rgb(179,170,164)",#B3AAA4,    
  408 CP          ,"rgb(159,147,140)",#9F938C,    
  409 CP          ,"rgb(139,128,122)",#8B807A,    
  410 CP          ,"rgb(122,109,104)",#7A6D68,    
  411 CP          ,"rgb(94,83,78)   ",#5E534E,    
  412 CP          ,"rgb(58,52,49)   ",#3A3431,    
  413 CP          ,"rgb(199,198,187)",#C7C6BB,    
  414 CP          ,"rgb(175,175,163)",#AFAFA3,    
  415 CP          ,"rgb(146,147,136)",#929388,    
  416 CP          ,"rgb(123,125,114)",#7B7D72,    
  417 CP          ,"rgb(99,101,90)  ",#63655A,    
  418 CP          ,"rgb(85,87,76)   ",#55574C,    
  419 CP          ,"rgb(36,39,33)   ",#242721,    
  420 CP          ,"rgb(213,212,208)",#D5D4D0,    
  421 CP          ,"rgb(184,185,183)",#B8B9B7,    
  422 CP          ,"rgb(165,167,168)",#A5A7A8,    
  423 CP          ,"rgb(147,150,148)",#939694,    
  424 CP          ,"rgb(120,123,126)",#787B7E,    
  425 CP          ,"rgb(79,87,92)   ",#4F575C,    
  426 CP          ,"rgb(37,40,43)   ",#25282B,    
  427 CP          ,"rgb(216,218,217)",#D8DAD9,    
  428 CP          ,"rgb(201,206,209)",#C9CED1,    
  429 CP          ,"rgb(169,176,183)",#A9B0B7,    
  430 CP          ,"rgb(133,143,152)",#858F98,    
  431 CP          ,"rgb(93,106,118) ",#5D6A76,    
  432 CP          ,"rgb(60,70,82)   ",#3C4652,    
  433 CP          ,"rgb(40,46,54)   ",#282E36,    
  434 CP          ,"rgb(210,201,200)",#D2C9C8,    
  435 CP          ,"rgb(193,183,187)",#C1B7BB,    
  436 CP          ,"rgb(176,162,170)",#B0A2AA,    
  437 CP          ,"rgb(126,110,118)",#7E6E76,    
  438 CP          ,"rgb(85,72,72)   ",#554848,    
  439 CP          ,"rgb(71,64,65)   ",#474041,    
  440 CP          ,"rgb(61,56,54)   ",#3D3836,    
  441 CP          ,"rgb(191,205,200)",#BFCDC8,    
  442 CP          ,"rgb(172,183,178)",#ACB7B2,    
  443 CP          ,"rgb(152,163,165)",#98A3A5,    
  444 CP          ,"rgb(118,134,135)",#768687,    
  445 CP          ,"rgb(85,95,96)   ",#555F60,    
  446 CP          ,"rgb(76,83,81)   ",#4C5351,    
  447 CP          ,"rgb(68,70,66)   ",#444642,    
  448 CP          ,"rgb(78,67,40)   ",#4E4328,    
  449 CP          ,"rgb(89,77,48)   ",#594D30,    
  450 CP          ,"rgb(92,78,40)   ",#5C4E28,    
  451 CP          ,"rgb(165,157,109)",#A59D6D,    
  452 CP          ,"rgb(179,171,127)",#B3AB7F,    
  453 CP          ,"rgb(200,192,154)",#C8C09A,    
  454 CP          ,"rgb(209,205,170)",#D1CDAA,    
  455 CP          ,"rgb(109,93,43)  ",#6D5D2B,    
  456 CP          ,"rgb(164,141,28) ",#A48D1C,    
  457 CP          ,"rgb(180,152,29) ",#B4981D,    
  458 CP          ,"rgb(224,209,96) ",#E0D160,    
  459 CP          ,"rgb(228,215,119)",#E4D777,    
  460 CP          ,"rgb(237,223,140)",#EDDF8C,    
  461 CP          ,"rgb(239,228,158)",#EFE49E,    
  462 CP          ,"rgb(100,79,51)  ",#644F33,    
  463 CP          ,"rgb(127,86,33)  ",#7F5621,    
  464 CP          ,"rgb(145,98,36)  ",#916224,    
  465 CP          ,"rgb(187,153,89) ",#BB9959,    
  466 CP          ,"rgb(201,172,122)",#C9AC7A,    
  467 CP          ,"rgb(212,191,147)",#D4BF93,    
  468 CP          ,"rgb(222,203,153)",#DECB99,    
  469 CP          ,"rgb(101,62,37)  ",#653E25,    
  470 CP          ,"rgb(167,99,44)  ",#A7632C,    
  471 CP          ,"rgb(186,106,47) ",#BA6A2F,    
  472 CP          ,"rgb(230,166,115)",#E6A673,    
  473 CP          ,"rgb(240,191,155)",#F0BF9B,    
  474 CP          ,"rgb(242,201,167)",#F2C9A7,    
  475 CP          ,"rgb(243,208,178)",#F3D0B2,    
  476 CP          ,"rgb(84,60,46)   ",#543C2E,    
  477 CP          ,"rgb(105,68,52)  ",#694434,    
  478 CP          ,"rgb(119,71,51)  ",#774733,    
  479 CP          ,"rgb(173,133,109)",#AD856D,    
  480 CP          ,"rgb(200,171,153)",#C8AB99,    
  481 CP          ,"rgb(209,184,166)",#D1B8A6,    
  482 CP          ,"rgb(219,198,183)",#DBC6B7,    
  483 CP          ,"rgb(101,59,46)  ",#653B2E,    
  484 CP          ,"rgb(163,62,46)  ",#A33E2E,    
  485 CP          ,"rgb(220,66,52)  ",#DC4234,    
  486 CP          ,"rgb(232,149,124)",#E8957C,    
  487 CP          ,"rgb(236,170,144)",#ECAA90,    
  488 CP          ,"rgb(240,192,172)",#F0C0AC,    
  489 CP          ,"rgb(243,208,186)",#F3D0BA,    
  490 CP          ,"rgb(96,50,40)   ",#603228,    
  491 CP          ,"rgb(126,61,60)  ",#7E3D3C,    
  492 CP          ,"rgb(142,67,68)  ",#8E4344,    
  493 CP          ,"rgb(218,142,160)",#DA8EA0,    
  494 CP          ,"rgb(233,165,183)",#E9A5B7,    
  495 CP          ,"rgb(237,191,203)",#EDBFCB,    
  496 CP          ,"rgb(239,198,208)",#EFC6D0,    
  497 CP          ,"rgb(84,52,44)   ",#54342C,    
  498 CP          ,"rgb(106,57,50)  ",#6A3932,    
  499 CP          ,"rgb(123,71,68)  ",#7B4744,    
  500 CP          ,"rgb(197,139,147)",#C58B93,    
  501 CP          ,"rgb(220,168,178)",#DCA8B2,    
  502 CP          ,"rgb(235,195,198)",#EBC3C6,    
  503 CP          ,"rgb(237,205,209)",#EDCDD1,    
  504 CP          ,"rgb(93,53,59)   ",#5D353B,    
  505 CP          ,"rgb(111,59,66)  ",#6F3B42,    
  506 CP          ,"rgb(125,64,78)  ",#7D404E,    
  507 CP          ,"rgb(212,151,176)",#D497B0,    
  508 CP          ,"rgb(227,175,196)",#E3AFC4,    
  509 CP          ,"rgb(234,187,206)",#EABBCE,    
  510 CP          ,"rgb(239,198,211)",#EFC6D3,    
  511 CP          ,"rgb(98,42,82)   ",#622A52,    
  512 CP          ,"rgb(133,54,123) ",#85367B,    
  513 CP          ,"rgb(152,59,144) ",#983B90,    
  514 CP          ,"rgb(205,149,192)",#CD95C0,    
  515 CP          ,"rgb(220,173,205)",#DCADCD,    
  516 CP          ,"rgb(229,192,215)",#E5C0D7,    
  517 CP          ,"rgb(234,201,220)",#EAC9DC,    
  518 CP          ,"rgb(79,47,68)   ",#4F2F44,    
  519 CP          ,"rgb(94,45,93)   ",#5E2D5D,    
  520 CP          ,"rgb(106,50,116) ",#6A3274,    
  521 CP          ,"rgb(171,132,182)",#AB84B6,    
  522 CP          ,"rgb(190,160,199)",#BEA0C7,    
  523 CP          ,"rgb(206,182,212)",#CEB6D4,    
  524 CP          ,"rgb(219,199,221)",#DBC7DD,    
  525 CP          ,"rgb(87,42,93)   ",#572A5D,    
  526 CP          ,"rgb(116,58,141) ",#743A8D,    
  527 CP          ,"rgb(123,63,146) ",#7B3F92,    
  528 CP          ,"rgb(174,140,189)",#AE8CBD,    
  529 CP          ,"rgb(192,162,202)",#C0A2CA,    
  530 CP          ,"rgb(209,184,213)",#D1B8D5,    
  531 CP          ,"rgb(221,199,221)",#DDC7DD,    
  532 CP          ,"rgb(40,41,50)   ",#282932,    
  533 CP          ,"rgb(38,49,71)   ",#263147,    
  534 CP          ,"rgb(44,64,104)  ",#2C4068,    
  535 CP          ,"rgb(144,162,191)",#90A2BF,    
  536 CP          ,"rgb(163,179,203)",#A3B3CB,    
  537 CP          ,"rgb(193,207,221)",#C1CFDD,    
  538 CP          ,"rgb(207,217,227)",#CFD9E3,    
  539 CP          ,"rgb(29,46,67)   ",#1D2E43,    
  540 CP          ,"rgb(22,61,92)   ",#163D5C,    
  541 CP          ,"rgb(21,75,117)  ",#154B75,    
  542 CP          ,"rgb(112,167,208)",#70A7D0,    
  543 CP          ,"rgb(167,198,228)",#A7C6E4,    
  544 CP          ,"rgb(189,214,231)",#BDD6E7,    
  545 CP          ,"rgb(201,223,238)",#C9DFEE,    
  546 CP          ,"rgb(17,46,58)   ",#112E3A,    
  547 CP          ,"rgb(5,55,69)    ",#053745,    
  548 CP          ,"rgb(0,68,85)    ",#004455,    
  549 CP          ,"rgb(97,158,183) ",#619EB7,    
  550 CP          ,"rgb(140,182,202)",#8CB6CA,    
  551 CP          ,"rgb(156,195,209)",#9CC3D1,    
  552 CP          ,"rgb(191,213,221)",#BFD5DD,    
  553 CP          ,"rgb(50,80,64)   ",#325040,    
  554 CP          ,"rgb(51,100,71)  ",#336447,    
  555 CP          ,"rgb(58,112,80)  ",#3A7050,    
  556 CP          ,"rgb(121,167,141)",#79A78D,    
  557 CP          ,"rgb(140,180,161)",#8CB4A1,    
  558 CP          ,"rgb(163,196,182)",#A3C4B6,    
  559 CP          ,"rgb(178,206,192)",#B2CEC0,    
  560 CP          ,"rgb(42,69,56)   ",#2A4538,    
  561 CP          ,"rgb(35,97,81)   ",#236151,    
  562 CP          ,"rgb(22,117,101) ",#167565,    
  563 CP          ,"rgb(121,187,171)",#79BBAB,    
  564 CP          ,"rgb(150,201,188)",#96C9BC,    
  565 CP          ,"rgb(180,214,203)",#B4D6CB,    
  566 CP          ,"rgb(210,227,215)",#D2E3D7,    
  567 CP          ,"rgb(33,76,61)   ",#214C3D,    
  568 CP          ,"rgb(6,113,92)   ",#06715C,    
  569 CP          ,"rgb(0,143,117)  ",#008F75,    
  570 CP          ,"rgb(130,198,176)",#82C6B0,    
  571 CP          ,"rgb(166,211,193)",#A6D3C1,    
  572 CP          ,"rgb(190,221,206)",#BEDDCE,    
  573 CP          ,"rgb(202,226,214)",#CAE2D6,    
  574 CP          ,"rgb(76,88,40)   ",#4C5828,    
  575 CP          ,"rgb(101,130,55) ",#658237,    
  576 CP          ,"rgb(119,155,61) ",#779B3D,    
  577 CP          ,"rgb(179,204,132)",#B3CC84,    
  578 CP          ,"rgb(194,216,154)",#C2D89A,    
  579 CP          ,"rgb(199,218,160)",#C7DAA0,    
  580 CP          ,"rgb(205,222,173)",#CDDEAD,    
  581 CP          ,"rgb(101,95,28)  ",#655F1C,    
  582 CP          ,"rgb(147,146,27) ",#93921B,    
  583 CP          ,"rgb(183,190,22) ",#B7BE16,    
  584 CP          ,"rgb(208,215,65) ",#D0D741,    
  585 CP          ,"rgb(221,223,115)",#DDDF73,    
  586 CP          ,"rgb(227,227,133)",#E3E385,    
  587 CP          ,"rgb(228,229,151)",#E4E597,    
  600 CP          ,"rgb(243,237,170)",#F3EDAA,    
  601 CP          ,"rgb(239,234,155)",#EFEA9B,    
  602 CP          ,"rgb(237,232,138)",#EDE88A,    
  603 CP          ,"rgb(237,228,87) ",#EDE457,    
  604 CP          ,"rgb(239,227,42) ",#EFE32A,    
  605 CP          ,"rgb(230,207,0)  ",#E6CF00,    
  606 CP          ,"rgb(217,190,0)  ",#D9BE00,    
  607 CP          ,"rgb(241,236,171)",#F1ECAB,    
  608 CP          ,"rgb(238,232,149)",#EEE895,    
  609 CP          ,"rgb(233,227,123)",#E9E37B,    
  610 CP          ,"rgb(228,217,85) ",#E4D955,    
  611 CP          ,"rgb(216,204,45) ",#D8CC2D,    
  612 CP          ,"rgb(202,185,0)  ",#CAB900,    
  613 CP          ,"rgb(188,167,5)  ",#BCA705,    
  614 CP          ,"rgb(231,226,177)",#E7E2B1,    
  615 CP          ,"rgb(223,217,159)",#DFD99F,    
  616 CP          ,"rgb(215,206,140)",#D7CE8C,    
  617 CP          ,"rgb(205,194,108)",#CDC26C,    
  618 CP          ,"rgb(181,167,66) ",#B5A742,    
  619 CP          ,"rgb(162,148,44) ",#A2942C,    
  620 CP          ,"rgb(148,133,33) ",#948521,    
  621 CP          ,"rgb(216,226,212)",#D8E2D4,    
  622 CP          ,"rgb(187,209,194)",#BBD1C2,    
  623 CP          ,"rgb(162,191,175)",#A2BFAF,    
  624 CP          ,"rgb(135,167,150)",#87A796,    
  625 CP          ,"rgb(103,139,122)",#678B7A,    
  626 CP          ,"rgb(58,106,88)  ",#3A6A58,    
  627 CP          ,"rgb(32,62,53)   ",#203E35,    
  628 CP          ,"rgb(200,227,226)",#C8E3E2,    
  629 CP          ,"rgb(165,213,220)",#A5D5DC,    
  630 CP          ,"rgb(135,203,216)",#87CBD8,    
  631 CP          ,"rgb(41,181,207) ",#29B5CF,    
  632 CP          ,"rgb(0,154,187)  ",#009ABB,    
  633 CP          ,"rgb(0,127,163)  ",#007FA3,    
  634 CP          ,"rgb(0,109,144)  ",#006D90,    
  635 CP          ,"rgb(182,220,228)",#B6DCE4,    
  636 CP          ,"rgb(163,213,227)",#A3D5E3,    
  637 CP          ,"rgb(101,193,222)",#65C1DE,    
  638 CP          ,"rgb(0,173,215)  ",#00ADD7,    
  639 CP          ,"rgb(0,152,208)  ",#0098D0,    
  640 CP          ,"rgb(0,133,190)  ",#0085BE,    
  641 CP          ,"rgb(0,119,181)  ",#0077B5,    
  642 CP          ,"rgb(214,226,235)",#D6E2EB,    
  643 CP          ,"rgb(199,217,231)",#C7D9E7,    
  644 CP          ,"rgb(151,184,212)",#97B8D4,    
  645 CP          ,"rgb(121,160,198)",#79A0C6,    
  646 CP          ,"rgb(85,136,181) ",#5588B5,    
  647 CP          ,"rgb(13,91,144)  ",#0D5B90,    
  648 CP          ,"rgb(29,61,102)  ",#1D3D66,    
  649 CP          ,"rgb(222,229,237)",#DEE5ED,    
  650 CP          ,"rgb(202,213,228)",#CAD5E4,    
  651 CP          ,"rgb(163,186,216)",#A3BAD8,    
  652 CP          ,"rgb(117,154,196)",#759AC4,    
  653 CP          ,"rgb(35,94,150)  ",#235E96,    
  654 CP          ,"rgb(32,66,108)  ",#20426C,    
  655 CP          ,"rgb(37,53,90)   ",#25355A,    
  656 CP          ,"rgb(223,232,242)",#DFE8F2,    
  657 CP          ,"rgb(198,214,235)",#C6D6EB,    
  658 CP          ,"rgb(169,196,227)",#A9C4E3,    
  659 CP          ,"rgb(123,160,208)",#7BA0D0,    
  660 CP          ,"rgb(57,117,183) ",#3975B7,    
  661 CP          ,"rgb(39,81,151)  ",#275197,    
  662 CP          ,"rgb(48,63,130)  ",#303F82,    
  663 CP          ,"rgb(228,222,231)",#E4DEE7,    
  664 CP          ,"rgb(222,215,227)",#DED7E3,    
  665 CP          ,"rgb(200,191,216)",#C8BFD8,    
  666 CP          ,"rgb(159,148,184)",#9F94B8,    
  667 CP          ,"rgb(116,103,150)",#746796,    
  668 CP          ,"rgb(92,72,122)  ",#5C487A,    
  669 CP          ,"rgb(61,43,90)   ",#3D2B5A,    
  670 CP          ,"rgb(237,213,228)",#EDD5E4,    
  671 CP          ,"rgb(229,195,217)",#E5C3D9,    
  672 CP          ,"rgb(219,165,199)",#DBA5C7,    
  673 CP          ,"rgb(212,146,187)",#D492BB,    
  674 CP          ,"rgb(195,88,153) ",#C35899,    
  675 CP          ,"rgb(177,31,121) ",#B11F79,    
  676 CP          ,"rgb(159,30,84)  ",#9F1E54,    
  677 CP          ,"rgb(231,210,223)",#E7D2DF,    
  678 CP          ,"rgb(226,199,217)",#E2C7D9,    
  679 CP          ,"rgb(227,193,215)",#E3C1D7,    
  680 CP          ,"rgb(203,150,185)",#CB96B9,    
  681 CP          ,"rgb(185,115,160)",#B973A0,    
  682 CP          ,"rgb(153,72,121) ",#994879,    
  683 CP          ,"rgb(127,41,82)  ",#7F2952,    
  684 CP          ,"rgb(228,202,214)",#E4CAD6,    
  685 CP          ,"rgb(228,190,210)",#E4BED2,    
  686 CP          ,"rgb(217,170,198)",#D9AAC6,    
  687 CP          ,"rgb(196,137,171)",#C489AB,    
  688 CP          ,"rgb(181,111,151)",#B56F97,    
  689 CP          ,"rgb(146,60,108) ",#923C6C,    
  690 CP          ,"rgb(100,37,65)  ",#642541,    
  691 CP          ,"rgb(240,216,215)",#F0D8D7,    
  692 CP          ,"rgb(229,193,199)",#E5C1C7,    
  693 CP          ,"rgb(216,167,180)",#D8A7B4,    
  694 CP          ,"rgb(201,143,156)",#C98F9C,    
  695 CP          ,"rgb(183,119,131)",#B77783,    
  696 CP          ,"rgb(150,75,87)  ",#964B57,    
  697 CP          ,"rgb(140,67,76)  ",#8C434C,    
  698 CP          ,"rgb(242,215,219)",#F2D7DB,    
  699 CP          ,"rgb(238,196,206)",#EEC4CE,    
  700 CP          ,"rgb(235,177,191)",#EBB1BF,    
  701 CP          ,"rgb(229,145,166)",#E591A6,    
  702 CP          ,"rgb(211,105,127)",#D3697F,    
  703 CP          ,"rgb(186,68,88)  ",#BA4458,    
  704 CP          ,"rgb(164,48,60)  ",#A4303C,    
  705 CP          ,"rgb(243,224,227)",#F3E0E3,    
  706 CP          ,"rgb(240,204,208)",#F0CCD0,    
  707 CP          ,"rgb(236,184,196)",#ECB8C4,    
  708 CP          ,"rgb(231,152,166)",#E798A6,    
  709 CP          ,"rgb(226,122,137)",#E27A89,    
  710 CP          ,"rgb(222,90,108) ",#DE5A6C,    
  711 CP          ,"rgb(218,50,72)  ",#DA3248,    
  712 CP          ,"rgb(242,206,176)",#F2CEB0,    
  713 CP          ,"rgb(241,195,159)",#F1C39F,    
  714 CP          ,"rgb(238,175,122)",#EEAF7A,    
  715 CP          ,"rgb(233,149,75) ",#E9954B,    
  716 CP          ,"rgb(230,136,53) ",#E68835,    
  717 CP          ,"rgb(227,122,51) ",#E37A33,    
  718 CP          ,"rgb(209,105,46) ",#D1692E,    
  719 CP          ,"rgb(238,208,173)",#EED0AD,    
  720 CP          ,"rgb(233,186,144)",#E9BA90,    
  721 CP          ,"rgb(226,167,112)",#E2A770,    
  722 CP          ,"rgb(203,134,68) ",#CB8644,    
  723 CP          ,"rgb(185,112,29) ",#B9701D,    
  724 CP          ,"rgb(152,86,31)  ",#98561F,    
  725 CP          ,"rgb(129,70,29)  ",#81461D,    
  726 CP          ,"rgb(230,201,165)",#E6C9A5,    
  727 CP          ,"rgb(220,184,148)",#DCB894,    
  728 CP          ,"rgb(202,159,117)",#CA9F75,    
  729 CP          ,"rgb(187,133,77) ",#BB854D,    
  730 CP          ,"rgb(160,105,50) ",#A06932,    
  731 CP          ,"rgb(121,73,29)  ",#79491D,    
  732 CP          ,"rgb(107,67,28)  ",#6B431C,    
  1205 CP         ,"rgb(249,228,157)",#F9E49D,    
  1215 CP         ,"rgb(247,220,134)",#F7DC86,    
  1225 CP         ,"rgb(242,193,80) ",#F2C150,    
  1235 CP         ,"rgb(238,173,26) ",#EEAD1A,    
  1245 CP         ,"rgb(192,143,35) ",#C08F23,    
  1255 CP         ,"rgb(172,131,37) ",#AC8325,    
  1265 CP         ,"rgb(144,113,39) ",#907127,    
  1345 CP         ,"rgb(242,203,142)",#F2CB8E,    
  1355 CP         ,"rgb(241,194,122)",#F1C27A,    
  1365 CP         ,"rgb(237,174,90) ",#EDAE5A,    
  1375 CP         ,"rgb(233,156,52) ",#E99C34,    
  1385 CP         ,"rgb(217,133,45) ",#D9852D,    
  1395 CP         ,"rgb(160,105,40) ",#A06928,    
  1405 CP         ,"rgb(116,81,37)  ",#745125,    
  1485 CP         ,"rgb(239,182,112)",#EFB670,    
  1495 CP         ,"rgb(235,161,73) ",#EBA149,    
  1505 CP         ,"rgb(231,142,46) ",#E78E2E,    
  1525 CP         ,"rgb(203,100,35) ",#CB6423,    
  1535 CP         ,"rgb(151,82,34)  ",#975222,    
  1545 CP         ,"rgb(100,59,30)  ",#643B1E,    
  1555 CP         ,"rgb(240,193,153)",#F0C199,    
  1565 CP         ,"rgb(236,171,119)",#ECAB77,    
  1575 CP         ,"rgb(232,148,73) ",#E89449,    
  1585 CP         ,"rgb(229,132,38) ",#E58426,    
  1595 CP         ,"rgb(218,112,40) ",#DA7028,    
  1605 CP         ,"rgb(163,90,36)  ",#A35A24,    
  1615 CP         ,"rgb(140,78,32)  ",#8C4E20,    
  1625 CP         ,"rgb(235,171,139)",#EBAB8B,    
  1635 CP         ,"rgb(232,152,109)",#E8986D,    
  1645 CP         ,"rgb(228,130,74) ",#E4824A,    
  1655 CP         ,"rgb(225,112,37) ",#E17025,    
  1665 CP         ,"rgb(223,100,38) ",#DF6426,    
  1675 CP         ,"rgb(169,75,38)  ",#A94B26,    
  1685 CP         ,"rgb(135,65,34)  ",#874122,    
  1765 CP         ,"rgb(234,172,174)",#EAACAE,    
  1767 CP         ,"rgb(237,189,194)",#EDBDC2,    
  1775 CP         ,"rgb(232,159,162)",#E89FA2,    
  1777 CP         ,"rgb(226,126,138)",#E27E8A,    
  1785 CP         ,"rgb(224,105,102)",#E06966,    
  1787 CP         ,"rgb(221,91,97)  ",#DD5B61,    
  1788 CP         ,"rgb(222,83,70)  ",#DE5346,    
  1795 CP         ,"rgb(214,61,54)  ",#D63D36,    
  1797 CP         ,"rgb(202,54,57)  ",#CA3639,    
  1805 CP         ,"rgb(180,55,60)  ",#B4373C,    
  1807 CP         ,"rgb(164,56,61)  ",#A4383D,    
  1815 CP         ,"rgb(127,47,45)  ",#7F2F2D,    
  1817 CP         ,"rgb(104,55,55)  ",#683737,    
  1895 CP         ,"rgb(237,192,210)",#EDC0D2,    
  1905 CP         ,"rgb(232,164,184)",#E8A4B8,    
  1915 CP         ,"rgb(225,111,143)",#E16F8F,    
  1925 CP         ,"rgb(219,55,98)  ",#DB3762,    
  1935 CP         ,"rgb(204,48,87)  ",#CC3057,    
  1945 CP         ,"rgb(172,44,74)  ",#AC2C4A,    
  1955 CP         ,"rgb(146,40,65)  ",#922841,    
  2001 CP         ,"rgb(247,229,134)",#F7E586,    
  2002 CP         ,"rgb(248,226,110)",#F8E26E,    
  2003 CP         ,"rgb(250,228,72) ",#FAE448,    
  2004 CP         ,"rgb(246,219,103)",#F6DB67,    
  2005 CP         ,"rgb(244,209,104)",#F4D168,    
  2006 CP         ,"rgb(242,192,49) ",#F2C031,    
  2007 CP         ,"rgb(233,168,0)  ",#E9A800,    
  2008 CP         ,"rgb(240,188,58) ",#F0BC3A,    
  2009 CP         ,"rgb(237,172,32) ",#EDAC20,    
  2010 CP         ,"rgb(238,170,0)  ",#EEAA00,    
  2011 CP         ,"rgb(234,154,0)  ",#EA9A00,    
  2012 CP         ,"rgb(235,157,0)  ",#EB9D00,    
  2013 CP         ,"rgb(235,156,0)  ",#EB9C00,    
  2014 CP         ,"rgb(185,122,7)  ",#B97A07,    
  2015 CP         ,"rgb(242,212,168)",#F2D4A8,    
  2016 CP         ,"rgb(237,180,106)",#EDB46A,    
  2017 CP         ,"rgb(237,180,110)",#EDB46E,    
  2018 CP         ,"rgb(232,141,25) ",#E88D19,    
  2019 CP         ,"rgb(225,124,15) ",#E17C0F,    
  2020 CP         ,"rgb(187,108,23) ",#BB6C17,    
  2021 CP         ,"rgb(163,84,27)  ",#A3541B,    
  2022 CP         ,"rgb(236,176,134)",#ECB086,    
  2023 CP         ,"rgb(233,163,116)",#E9A374,    
  2024 CP         ,"rgb(230,142,94) ",#E68E5E,    
  2025 CP         ,"rgb(233,157,87) ",#E99D57,    
  2026 CP         ,"rgb(227,123,68) ",#E37B44,    
  2027 CP         ,"rgb(224,108,66) ",#E06C42,    
  2028 CP         ,"rgb(222,87,34)  ",#DE5722,    
  2029 CP         ,"rgb(225,118,98) ",#E17662,    
  2030 CP         ,"rgb(223,107,92) ",#DF6B5C,    
  2031 CP         ,"rgb(213,99,87)  ",#D56357,    
  2032 CP         ,"rgb(206,81,72)  ",#CE5148,    
  2033 CP         ,"rgb(192,67,59)  ",#C0433B,    
  2034 CP         ,"rgb(218,71,47)  ",#DA472F,    
  2035 CP         ,"rgb(209,46,40)  ",#D12E28,    
  2036 CP         ,"rgb(235,191,210)",#EBBFD2,    
  2037 CP         ,"rgb(224,155,190)",#E09BBE,    
  2038 CP         ,"rgb(223,120,168)",#DF78A8,    
  2039 CP         ,"rgb(219,85,143) ",#DB558F,    
  2040 CP         ,"rgb(216,47,79)  ",#D82F4F,    
  2041 CP         ,"rgb(151,41,65)  ",#972941,    
  2042 CP         ,"rgb(111,54,57)  ",#6F3639,    
  2043 CP         ,"rgb(231,201,210)",#E7C9D2,    
  2044 CP         ,"rgb(227,145,177)",#E391B1,    
  2045 CP         ,"rgb(221,109,152)",#DD6D98,    
  2046 CP         ,"rgb(210,73,127) ",#D2497F,    
  2047 CP         ,"rgb(160,58,99)  ",#A03A63,    
  2048 CP         ,"rgb(146,55,86)  ",#923756,    
  2049 CP         ,"rgb(122,51,67)  ",#7A3343,    
  2050 CP         ,"rgb(231,214,220)",#E7D6DC,    
  2051 CP         ,"rgb(220,196,206)",#DCC4CE,    
  2052 CP         ,"rgb(199,161,178)",#C7A1B2,    
  2053 CP         ,"rgb(175,128,153)",#AF8099,    
  2054 CP         ,"rgb(149,115,129)",#957381,    
  2055 CP         ,"rgb(127,94,108) ",#7F5E6C,    
  2056 CP         ,"rgb(111,79,94)  ",#6F4F5E,    
  2057 CP         ,"rgb(211,145,183)",#D391B7,    
  2058 CP         ,"rgb(183,131,167)",#B783A7,    
  2059 CP         ,"rgb(183,119,154)",#B7779A,    
  2060 CP         ,"rgb(193,97,152) ",#C16198,    
  2061 CP         ,"rgb(176,73,130) ",#B04982,    
  2062 CP         ,"rgb(174,51,126) ",#AE337E,    
  2063 CP         ,"rgb(165,39,122) ",#A5277A,    
  2064 CP         ,"rgb(207,154,191)",#CF9ABF,    
  2065 CP         ,"rgb(206,165,197)",#CEA5C5,    
  2066 CP         ,"rgb(191,145,186)",#BF91BA,    
  2067 CP         ,"rgb(173,111,164)",#AD6FA4,    
  2068 CP         ,"rgb(165,94,152) ",#A55E98,    
  2069 CP         ,"rgb(154,73,139) ",#9A498B,    
  2070 CP         ,"rgb(139,58,131) ",#8B3A83,    
  2071 CP         ,"rgb(196,177,207)",#C4B1CF,    
  2072 CP         ,"rgb(176,151,193)",#B097C1,    
  2073 CP         ,"rgb(169,147,191)",#A993BF,    
  2074 CP         ,"rgb(148,115,171)",#9473AB,    
  2075 CP         ,"rgb(138,116,173)",#8A74AD,    
  2076 CP         ,"rgb(130,99,161) ",#8263A1,    
  2077 CP         ,"rgb(105,73,145) ",#694991,    
  2078 CP         ,"rgb(180,155,192)",#B49BC0,    
  2079 CP         ,"rgb(155,131,166)",#9B83A6,    
  2080 CP         ,"rgb(155,125,177)",#9B7DB1,    
  2081 CP         ,"rgb(127,89,154) ",#7F599A,    
  2082 CP         ,"rgb(109,65,137) ",#6D4189,    
  2083 CP         ,"rgb(149,111,167)",#956FA7,    
  2084 CP         ,"rgb(113,64,136) ",#714088,    
  2085 CP         ,"rgb(222,206,223)",#DECEDF,    
  2086 CP         ,"rgb(153,137,185)",#9989B9,    
  2087 CP         ,"rgb(147,133,182)",#9385B6,    
  2088 CP         ,"rgb(122,106,165)",#7A6AA5,    
  2089 CP         ,"rgb(103,82,147) ",#675293,    
  2090 CP         ,"rgb(97,70,139)  ",#61468B,    
  2091 CP         ,"rgb(81,56,129)  ",#513881,    
  2092 CP         ,"rgb(178,166,202)",#B2A6CA,    
  2093 CP         ,"rgb(161,152,193)",#A198C1,    
  2094 CP         ,"rgb(132,124,174)",#847CAE,    
  2095 CP         ,"rgb(112,101,163)",#7065A3,    
  2096 CP         ,"rgb(94,81,148)  ",#5E5194,    
  2097 CP         ,"rgb(94,81,149)  ",#5E5195,    
  2098 CP         ,"rgb(72,62,135)  ",#483E87,    
  2099 CP         ,"rgb(168,154,194)",#A89AC2,    
  2100 CP         ,"rgb(155,145,190)",#9B91BE,    
  2101 CP         ,"rgb(132,127,180)",#847FB4,    
  2102 CP         ,"rgb(94,92,159)  ",#5E5C9F,    
  2103 CP         ,"rgb(86,76,147)  ",#564C93,    
  2104 CP         ,"rgb(68,64,137)  ",#444089,    
  2105 CP         ,"rgb(56,44,117)  ",#382C75,    
  2106 CP         ,"rgb(183,192,211)",#B7C0D3,    
  2107 CP         ,"rgb(158,163,183)",#9EA3B7,    
  2108 CP         ,"rgb(122,133,160)",#7A85A0,    
  2109 CP         ,"rgb(92,109,139) ",#5C6D8B,    
  2110 CP         ,"rgb(81,93,130)  ",#515D82,    
  2111 CP         ,"rgb(63,81,115)  ",#3F5173,    
  2112 CP         ,"rgb(42,48,101)  ",#2A3065,    
  2113 CP         ,"rgb(160,173,211)",#A0ADD3,    
  2114 CP         ,"rgb(131,143,192)",#838FC0,    
  2115 CP         ,"rgb(101,127,184)",#657FB8,    
  2116 CP         ,"rgb(86,110,172) ",#566EAC,    
  2117 CP         ,"rgb(58,76,147)  ",#3A4C93,    
  2118 CP         ,"rgb(49,57,127)  ",#31397F,    
  2119 CP         ,"rgb(47,54,106)  ",#2F366A,    
  2120 CP         ,"rgb(193,209,231)",#C1D1E7,    
  2121 CP         ,"rgb(140,173,214)",#8CADD6,    
  2122 CP         ,"rgb(150,171,210)",#96ABD2,    
  2123 CP         ,"rgb(111,140,194)",#6F8CC2,    
  2124 CP         ,"rgb(99,125,183) ",#637DB7,    
  2125 CP         ,"rgb(86,112,175) ",#5670AF,    
  2126 CP         ,"rgb(45,81,154)  ",#2D519A,    
  2127 CP         ,"rgb(184,207,231)",#B8CFE7,    
  2128 CP         ,"rgb(146,178,217)",#92B2D9,    
  2129 CP         ,"rgb(101,147,200)",#6593C8,    
  2130 CP         ,"rgb(90,127,188) ",#5A7FBC,    
  2131 CP         ,"rgb(70,106,173) ",#466AAD,    
  2132 CP         ,"rgb(48,100,169) ",#3064A9,    
  2133 CP         ,"rgb(21,94,164)  ",#155EA4,    
  2134 CP         ,"rgb(150,169,208)",#96A9D0,    
  2135 CP         ,"rgb(103,136,190)",#6788BE,    
  2136 CP         ,"rgb(123,146,173)",#7B92AD,    
  2137 CP         ,"rgb(99,125,156) ",#637D9C,    
  2138 CP         ,"rgb(99,118,130) ",#637682,    
  2139 CP         ,"rgb(85,113,143) ",#55718F,    
  2140 CP         ,"rgb(47,78,116)  ",#2F4E74,    
  2141 CP         ,"rgb(133,184,223)",#85B8DF,    
  2142 CP         ,"rgb(121,165,210)",#79A5D2,    
  2143 CP         ,"rgb(67,132,191) ",#4384BF,    
  2144 CP         ,"rgb(0,105,173)  ",#0069AD,    
  2145 CP         ,"rgb(17,83,145)  ",#115391,    
  2146 CP         ,"rgb(29,68,129)  ",#1D4481,    
  2147 CP         ,"rgb(42,59,128)  ",#2A3B80,    
  2148 CP         ,"rgb(102,144,171)",#6690AB,    
  2149 CP         ,"rgb(80,133,164) ",#5085A4,    
  2150 CP         ,"rgb(64,119,151) ",#407797,    
  2151 CP         ,"rgb(28,110,165) ",#1C6EA5,    
  2152 CP         ,"rgb(19,101,139) ",#13658B,    
  2153 CP         ,"rgb(1,83,121)   ",#015379,    
  2154 CP         ,"rgb(1,71,121)   ",#014779,    
  2155 CP         ,"rgb(168,189,206)",#A8BDCE,    
  2156 CP         ,"rgb(140,168,191)",#8CA8BF,    
  2157 CP         ,"rgb(113,150,177)",#7196B1,    
  2158 CP         ,"rgb(87,132,162) ",#5784A2,    
  2159 CP         ,"rgb(78,122,153) ",#4E7A99,    
  2160 CP         ,"rgb(60,111,142) ",#3C6F8E,    
  2161 CP         ,"rgb(23,89,126)  ",#17597E,    
  2162 CP         ,"rgb(155,171,181)",#9BABB5,    
  2163 CP         ,"rgb(130,151,159)",#82979F,    
  2164 CP         ,"rgb(114,142,156)",#728E9C,    
  2165 CP         ,"rgb(89,122,139) ",#597A8B,    
  2166 CP         ,"rgb(73,107,126) ",#496B7E,    
  2167 CP         ,"rgb(63,101,120) ",#3F6578,    
  2168 CP         ,"rgb(19,65,83)   ",#134153,    
  2169 CP         ,"rgb(129,177,209)",#81B1D1,    
  2170 CP         ,"rgb(70,153,197) ",#4699C5,    
  2171 CP         ,"rgb(63,160,214) ",#3FA0D6,    
  2172 CP         ,"rgb(40,128,191) ",#2880BF,    
  2173 CP         ,"rgb(0,137,200)  ",#0089C8,    
  2174 CP         ,"rgb(0,118,187)  ",#0076BB,    
  2175 CP         ,"rgb(0,108,180)  ",#006CB4,    
  2176 CP         ,"rgb(173,191,193)",#ADBFC1,    
  2177 CP         ,"rgb(118,159,171)",#769FAB,    
  2178 CP         ,"rgb(80,134,151) ",#508697,    
  2179 CP         ,"rgb(64,118,133) ",#407685,    
  2180 CP         ,"rgb(47,105,121) ",#2F6979,    
  2181 CP         ,"rgb(28,86,104)  ",#1C5668,    
  2182 CP         ,"rgb(21,79,95)   ",#154F5F,    
  2183 CP         ,"rgb(0,148,186)  ",#0094BA,    
  2184 CP         ,"rgb(0,139,203)  ",#008BCB,    
  2185 CP         ,"rgb(0,124,168)  ",#007CA8,    
  2186 CP         ,"rgb(0,84,131)   ",#005483,    
  2187 CP         ,"rgb(0,82,127)   ",#00527F,    
  2188 CP         ,"rgb(0,71,108)   ",#00476C,    
  2189 CP         ,"rgb(13,57,78)   ",#0D394E,    
  2190 CP         ,"rgb(63,177,226) ",#3FB1E2,    
  2191 CP         ,"rgb(5,160,217)  ",#05A0D9,    
  2192 CP         ,"rgb(0,148,210)  ",#0094D2,    
  2193 CP         ,"rgb(0,140,204)  ",#008CCC,    
  2194 CP         ,"rgb(0,135,201)  ",#0087C9,    
  2195 CP         ,"rgb(0,116,188)  ",#0074BC,    
  2196 CP         ,"rgb(0,107,173)  ",#006BAD,    
  2197 CP         ,"rgb(138,200,212)",#8AC8D4,    
  2198 CP         ,"rgb(101,188,205)",#65BCCD,    
  2199 CP         ,"rgb(40,177,202) ",#28B1CA,    
  2200 CP         ,"rgb(0,168,195)  ",#00A8C3,    
  2201 CP         ,"rgb(0,169,200)  ",#00A9C8,    
  2202 CP         ,"rgb(0,159,213)  ",#009FD5,    
  2203 CP         ,"rgb(0,138,176)  ",#008AB0,    
  2204 CP         ,"rgb(176,204,216)",#B0CCD8,    
  2205 CP         ,"rgb(120,174,189)",#78AEBD,    
  2206 CP         ,"rgb(111,159,182)",#6F9FB6,    
  2207 CP         ,"rgb(75,149,171) ",#4B95AB,    
  2208 CP         ,"rgb(88,137,161) ",#5889A1,    
  2209 CP         ,"rgb(67,133,154) ",#43859A,    
  2210 CP         ,"rgb(18,76,100)  ",#124C64,    
  2211 CP         ,"rgb(117,160,163)",#75A0A3,    
  2212 CP         ,"rgb(81,132,138) ",#51848A,    
  2213 CP         ,"rgb(60,113,118) ",#3C7176,    
  2214 CP         ,"rgb(50,113,121) ",#327179,    
  2215 CP         ,"rgb(33,90,103)  ",#215A67,    
  2216 CP         ,"rgb(41,79,90)   ",#294F5A,    
  2217 CP         ,"rgb(17,59,64)   ",#113B40,    
  2218 CP         ,"rgb(107,173,182)",#6BADB6,    
  2219 CP         ,"rgb(91,166,177) ",#5BA6B1,    
  2220 CP         ,"rgb(67,149,162) ",#4395A2,    
  2221 CP         ,"rgb(52,135,150) ",#348796,    
  2222 CP         ,"rgb(23,130,144) ",#178290,    
  2223 CP         ,"rgb(0,112,128)  ",#007080,    
  2224 CP         ,"rgb(0,98,117)   ",#006275,    
  2225 CP         ,"rgb(151,202,202)",#97CACA,    
  2226 CP         ,"rgb(105,186,190)",#69BABE,    
  2227 CP         ,"rgb(105,187,188)",#69BBBC,    
  2228 CP         ,"rgb(0,159,172)  ",#009FAC,    
  2229 CP         ,"rgb(0,155,167)  ",#009BA7,    
  2230 CP         ,"rgb(0,138,144)  ",#008A90,    
  2231 CP         ,"rgb(0,126,138)  ",#007E8A,    
  2232 CP         ,"rgb(108,177,179)",#6CB1B3,    
  2233 CP         ,"rgb(75,162,166) ",#4BA2A6,    
  2234 CP         ,"rgb(60,154,159) ",#3C9A9F,    
  2235 CP         ,"rgb(36,142,145) ",#248E91,    
  2236 CP         ,"rgb(49,141,144) ",#318D90,    
  2237 CP         ,"rgb(15,127,131) ",#0F7F83,    
  2238 CP         ,"rgb(0,102,108)  ",#00666C,    
  2239 CP         ,"rgb(115,188,172)",#73BCAC,    
  2240 CP         ,"rgb(69,175,153) ",#45AF99,    
  2241 CP         ,"rgb(79,160,141) ",#4FA08D,    
  2242 CP         ,"rgb(0,155,113)  ",#009B71,    
  2243 CP         ,"rgb(0,147,118)  ",#009376,    
  2244 CP         ,"rgb(34,126,101) ",#227E65,    
  2245 CP         ,"rgb(0,126,81)   ",#007E51,    
  2246 CP         ,"rgb(174,208,180)",#AED0B4,    
  2247 CP         ,"rgb(124,186,150)",#7CBA96,    
  2248 CP         ,"rgb(105,180,141)",#69B48D,    
  2249 CP         ,"rgb(57,165,120) ",#39A578,    
  2250 CP         ,"rgb(33,161,109) ",#21A16D,    
  2251 CP         ,"rgb(0,151,93)   ",#00975D,    
  2252 CP         ,"rgb(0,147,73)   ",#009349,    
  2253 CP         ,"rgb(201,221,195)",#C9DDC3,    
  2254 CP         ,"rgb(183,210,170)",#B7D2AA,    
  2255 CP         ,"rgb(151,194,142)",#97C28E,    
  2256 CP         ,"rgb(114,179,112)",#72B370,    
  2257 CP         ,"rgb(0,151,57)   ",#009739,    
  2258 CP         ,"rgb(0,139,47)   ",#008B2F,    
  2259 CP         ,"rgb(24,115,41)  ",#187329,    
  2260 CP         ,"rgb(184,210,163)",#B8D2A3,    
  2261 CP         ,"rgb(153,190,138)",#99BE8A,    
  2262 CP         ,"rgb(132,173,116)",#84AD74,    
  2263 CP         ,"rgb(101,146,86) ",#659256,    
  2264 CP         ,"rgb(106,152,96) ",#6A9860,    
  2265 CP         ,"rgb(68,118,60)  ",#44763C,    
  2266 CP         ,"rgb(45,86,40)   ",#2D5628,    
  2267 CP         ,"rgb(181,209,162)",#B5D1A2,    
  2268 CP         ,"rgb(161,200,148)",#A1C894,    
  2269 CP         ,"rgb(144,191,115)",#90BF73,    
  2270 CP         ,"rgb(117,182,109)",#75B66D,    
  2271 CP         ,"rgb(85,169,76)  ",#55A94C,    
  2272 CP         ,"rgb(25,153,59)  ",#19993B,    
  2273 CP         ,"rgb(37,115,45)  ",#25732D,    
  2274 CP         ,"rgb(217,226,180)",#D9E2B4,    
  2275 CP         ,"rgb(198,215,155)",#C6D79B,    
  2276 CP         ,"rgb(142,168,81) ",#8EA851,    
  2277 CP         ,"rgb(89,148,60)  ",#59943C,    
  2278 CP         ,"rgb(88,134,49)  ",#588631,    
  2279 CP         ,"rgb(88,117,40)  ",#587528,    
  2280 CP         ,"rgb(72,106,36)  ",#486A24,    
  2281 CP         ,"rgb(217,225,169)",#D9E1A9,    
  2282 CP         ,"rgb(204,221,175)",#CCDDAF,    
  2283 CP         ,"rgb(179,207,142)",#B3CF8E,    
  2284 CP         ,"rgb(185,209,142)",#B9D18E,    
  2285 CP         ,"rgb(165,199,118)",#A5C776,    
  2286 CP         ,"rgb(157,192,76) ",#9DC04C,    
  2287 CP         ,"rgb(121,179,63) ",#79B33F,    
  2288 CP         ,"rgb(203,217,142)",#CBD98E,    
  2289 CP         ,"rgb(203,217,138)",#CBD98A,    
  2290 CP         ,"rgb(185,207,105)",#B9CF69,    
  2291 CP         ,"rgb(179,203,96) ",#B3CB60,    
  2292 CP         ,"rgb(157,193,73) ",#9DC149,    
  2293 CP         ,"rgb(153,190,72) ",#99BE48,    
  2294 CP         ,"rgb(132,168,55) ",#84A837,    
  2295 CP         ,"rgb(222,226,159)",#DEE29F,    
  2296 CP         ,"rgb(214,223,152)",#D6DF98,    
  2297 CP         ,"rgb(191,210,117)",#BFD275,    
  2298 CP         ,"rgb(185,206,108)",#B9CE6C,    
  2299 CP         ,"rgb(169,195,67) ",#A9C343,    
  2300 CP         ,"rgb(171,194,48) ",#ABC230,    
  2301 CP         ,"rgb(140,167,29) ",#8CA71D,    
  2302 CP         ,"rgb(173,184,93) ",#ADB85D,    
  2303 CP         ,"rgb(158,177,100)",#9EB164,    
  2304 CP         ,"rgb(159,171,83) ",#9FAB53,    
  2305 CP         ,"rgb(154,161,38) ",#9AA126,    
  2306 CP         ,"rgb(125,141,42) ",#7D8D2A,    
  2307 CP         ,"rgb(95,107,33)  ",#5F6B21,    
  2308 CP         ,"rgb(90,86,26)   ",#5A561A,    
  2309 CP         ,"rgb(234,206,177)",#EACEB1,    
  2310 CP         ,"rgb(218,193,171)",#DAC1AB,    
  2311 CP         ,"rgb(206,168,138)",#CEA88A,    
  2312 CP         ,"rgb(184,153,128)",#B89980,    
  2313 CP         ,"rgb(194,150,105)",#C29669,    
  2314 CP         ,"rgb(167,116,64) ",#A77440,    
  2315 CP         ,"rgb(140,74,29)  ",#8C4A1D,    
  2316 CP         ,"rgb(188,156,125)",#BC9C7D,    
  2317 CP         ,"rgb(183,146,101)",#B79265,    
  2318 CP         ,"rgb(165,126,77) ",#A57E4D,    
  2319 CP         ,"rgb(133,89,35)  ",#855923,    
  2320 CP         ,"rgb(114,75,37)  ",#724B25,    
  2321 CP         ,"rgb(107,79,45)  ",#6B4F2D,    
  2322 CP         ,"rgb(72,51,28)   ",#48331C,    
  2323 CP         ,"rgb(191,186,155)",#BFBA9B,    
  2324 CP         ,"rgb(175,161,124)",#AFA17C,    
  2325 CP         ,"rgb(165,150,117)",#A59675,    
  2326 CP         ,"rgb(140,126,91) ",#8C7E5B,    
  2327 CP         ,"rgb(131,123,89) ",#837B59,    
  2328 CP         ,"rgb(117,102,69) ",#756645,    
  2329 CP         ,"rgb(103,90,57)  ",#675A39,    
  2330 CP         ,"rgb(217,215,208)",#D9D7D0,    
  2331 CP         ,"rgb(176,172,165)",#B0ACA5,    
  2332 CP         ,"rgb(143,138,131)",#8F8A83,    
  2333 CP         ,"rgb(104,110,104)",#686E68,    
  2334 CP         ,"rgb(108,105,98) ",#6C6962,    
  2335 CP         ,"rgb(85,81,66)   ",#555142,    
  2336 CP         ,"rgb(73,72,66)   ",#494842,    
  2337 CP         ,"rgb(234,186,175)",#EABAAF,    
  2338 CP         ,"rgb(225,165,156)",#E1A59C,    
  2339 CP         ,"rgb(229,154,147)",#E59A93,    
  2340 CP         ,"rgb(211,109,119)",#D36D77,    
  2341 CP         ,"rgb(187,108,107)",#BB6C6B,    
  2342 CP         ,"rgb(188,91,102) ",#BC5B66,    
  2343 CP         ,"rgb(173,82,99)  ",#AD5263,    
  2344 CP         ,"rgb(225,137,121)",#E18979,    
  2345 CP         ,"rgb(224,126,119)",#E07E77,    
  2346 CP         ,"rgb(221,109,114)",#DD6D72,    
  2347 CP         ,"rgb(215,57,41)  ",#D73929,    
  2348 CP         ,"rgb(218,87,90)  ",#DA575A,    
  2349 CP         ,"rgb(199,68,42)  ",#C7442A,    
  2350 CP         ,"rgb(177,38,41)  ",#B12629,    
  2351 CP         ,"rgb(191,128,174)",#BF80AE,    
  2352 CP         ,"rgb(181,100,155)",#B5649B,    
  2353 CP         ,"rgb(186,83,144) ",#BA5390,    
  2354 CP         ,"rgb(148,79,133) ",#944F85,    
  2355 CP         ,"rgb(139,30,117) ",#8B1E75,    
  2356 CP         ,"rgb(118,33,98)  ",#762162,    
  2357 CP         ,"rgb(101,22,65)  ",#651641,    
  2358 CP         ,"rgb(176,168,174)",#B0A8AE,    
  2359 CP         ,"rgb(132,122,133)",#847A85,    
  2360 CP         ,"rgb(132,128,143)",#84808F,    
  2361 CP         ,"rgb(114,119,143)",#72778F,    
  2362 CP         ,"rgb(118,114,134)",#767286,    
  2363 CP         ,"rgb(105,96,116) ",#696074,    
  2364 CP         ,"rgb(113,95,111) ",#715F6F,    
  2365 CP         ,"rgb(232,193,215)",#E8C1D7,    
  2366 CP         ,"rgb(116,125,180)",#747DB4,    
  2367 CP         ,"rgb(95,89,155)  ",#5F599B,    
  2368 CP         ,"rgb(91,96,160)  ",#5B60A0,    
  2369 CP         ,"rgb(83,89,156)  ",#53599C,    
  2370 CP         ,"rgb(71,65,141)  ",#47418D,    
  2371 CP         ,"rgb(77,60,139)  ",#4D3C8B,    
  2372 CP         ,"rgb(62,56,126)  ",#3E387E,    
  2373 CP         ,"rgb(125,142,166)",#7D8EA6,    
  2374 CP         ,"rgb(89,106,133) ",#596A85,    
  2375 CP         ,"rgb(202,133,180)",#CA85B4,    
  2376 CP         ,"rgb(89,102,118) ",#596676,    
  2377 CP         ,"rgb(66,97,118)  ",#426176,    
  2378 CP         ,"rgb(70,79,104)  ",#464F68,    
  2379 CP         ,"rgb(72,75,88)   ",#484B58,    
  2380 CP         ,"rgb(49,53,70)   ",#313546,    
  2381 CP         ,"rgb(113,155,201)",#719BC9,    
  2382 CP         ,"rgb(63,141,196) ",#3F8DC4,    
  2383 CP         ,"rgb(55,124,176) ",#377CB0,    
  2384 CP         ,"rgb(0,103,159)  ",#00679F,    
  2385 CP         ,"rgb(187,83,152) ",#BB5398,    
  2386 CP         ,"rgb(69,111,171) ",#456FAB,    
  2387 CP         ,"rgb(53,105,167) ",#3569A7,    
  2388 CP         ,"rgb(23,82,150)  ",#175296,    
  2389 CP         ,"rgb(81,158,197) ",#519EC5,    
  2390 CP         ,"rgb(26,127,171) ",#1A7FAB,    
  2391 CP         ,"rgb(17,131,163) ",#1183A3,    
  2392 CP         ,"rgb(41,104,128) ",#296880,    
  2393 CP         ,"rgb(0,150,205)  ",#0096CD,    
  2394 CP         ,"rgb(0,141,206)  ",#008DCE,    
  2395 CP         ,"rgb(183,65,143) ",#B7418F,    
  2396 CP         ,"rgb(0,157,178)  ",#009DB2,    
  2397 CP         ,"rgb(0,169,179)  ",#00A9B3,    
  2398 CP         ,"rgb(34,172,166) ",#22ACA6,    
  2399 CP         ,"rgb(0,156,150)  ",#009C96,    
  2400 CP         ,"rgb(0,164,144)  ",#00A490,    
  2401 CP         ,"rgb(42,166,148) ",#2AA694,    
  2402 CP         ,"rgb(0,149,126)  ",#00957E,    
  2403 CP         ,"rgb(0,133,122)  ",#00857A,    
  2404 CP         ,"rgb(173,189,158)",#ADBD9E,    
  2405 CP         ,"rgb(169,37,129) ",#A92581,    
  2406 CP         ,"rgb(137,160,134)",#89A086,    
  2407 CP         ,"rgb(110,139,115)",#6E8B73,    
  2408 CP         ,"rgb(75,120,81)  ",#4B7851,    
  2409 CP         ,"rgb(77,98,64)   ",#4D6240,    
  2410 CP         ,"rgb(66,90,60)   ",#425A3C,    
  2411 CP         ,"rgb(34,61,30)   ",#223D1E,    
  2412 CP         ,"rgb(155,199,165)",#9BC7A5,    
  2413 CP         ,"rgb(88,179,154) ",#58B39A,    
  2414 CP         ,"rgb(85,176,124) ",#55B07C,    
  2415 CP         ,"rgb(158,36,123) ",#9E247B,    
  2416 CP         ,"rgb(60,171,121) ",#3CAB79,    
  2417 CP         ,"rgb(61,161,112) ",#3DA170,    
  2418 CP         ,"rgb(0,136,69)   ",#008845,    
  2419 CP         ,"rgb(0,123,83)   ",#007B53,    
  2420 CP         ,"rgb(96,176,102) ",#60B066,    
  2421 CP         ,"rgb(101,172,59) ",#65AC3B,    
  2422 CP         ,"rgb(47,158,49)  ",#2F9E31,    
  2423 CP         ,"rgb(50,158,49)  ",#329E31,    
  2424 CP         ,"rgb(75,154,43)  ",#4B9A2B,    
  2425 CP         ,"rgb(138,38,102) ",#8A2666,    
  2426 CP         ,"rgb(0,134,43)   ",#00862B,    
  2427 CP         ,"rgb(7,87,30)    ",#07571E,    
  2428 CP         ,"rgb(221,133,43) ",#DD852B,    
  2429 CP         ,"rgb(201,92,49)  ",#C95C31,    
  2430 CP         ,"rgb(212,153,115)",#D49973,    
  2431 CP         ,"rgb(223,147,88) ",#DF9358,    
  2432 CP         ,"rgb(224,142,95) ",#E08E5F,    
  2433 CP         ,"rgb(219,116,83) ",#DB7453,    
  2434 CP         ,"rgb(223,113,95) ",#DF715F,    
  2435 CP         ,"rgb(202,118,97) ",#CA7661,    
  2436 CP         ,"rgb(190,75,61)  ",#BE4B3D,    
  2437 CP         ,"rgb(235,189,157)",#EBBD9D,    
  2438 CP         ,"rgb(230,161,129)",#E6A181,    
  2439 CP         ,"rgb(202,135,114)",#CA8772,    
  2440 CP         ,"rgb(189,152,145)",#BD9891,    
  2441 CP         ,"rgb(169,105,88) ",#A96958,    
  2442 CP         ,"rgb(164,88,81)  ",#A45851,    
  2443 CP         ,"rgb(148,45,30)  ",#942D1E,    
  2444 CP         ,"rgb(224,166,158)",#E0A69E,    
  2445 CP         ,"rgb(225,133,144)",#E18590,    
  2446 CP         ,"rgb(213,136,144)",#D58890,    
  2447 CP         ,"rgb(174,103,114)",#AE6772,    
  2448 CP         ,"rgb(217,89,65)  ",#D95941,    
  2449 CP         ,"rgb(76,34,26)   ",#4C221A,    
  2450 CP         ,"rgb(217,61,133) ",#D93D85,    
  2451 CP         ,"rgb(189,68,116) ",#BD4474,    
  2452 CP         ,"rgb(199,54,114) ",#C73672,    
  2453 CP         ,"rgb(189,154,192)",#BD9AC0,    
  2454 CP         ,"rgb(19,124,161) ",#137CA1,    
  2455 CP         ,"rgb(150,192,182)",#96C0B6,    
  2456 CP         ,"rgb(0,156,139)  ",#009C8B,    
  2457 CP         ,"rgb(137,167,151)",#89A797,    
  2458 CP         ,"rgb(100,154,130)",#649A82,    
  2459 CP         ,"rgb(68,180,152) ",#44B498,    
  2460 CP         ,"rgb(93,177,172) ",#5DB1AC,    
  2461 CP         ,"rgb(0,150,143)  ",#00968F,    
  2462 CP         ,"rgb(82,140,129) ",#528C81,    
  2463 CP         ,"rgb(88,114,112) ",#587270,    
  2464 CP         ,"rgb(108,183,92) ",#6CB75C,    
  2465 CP         ,"rgb(3,115,50)   ",#037332,    
  2466 CP         ,"rgb(27,73,70)   ",#1B4946,    
  2467 CP         ,"rgb(188,146,100)",#BC9264,    
  2468 CP         ,"rgb(158,108,64) ",#9E6C40,    
  2469 CP         ,"rgb(142,81,31)  ",#8E511F,    
  2470 CP         ,"rgb(153,125,90) ",#997D5A,    
  2471 CP         ,"rgb(166,135,110)",#A6876E,    
  2472 CP         ,"rgb(82,51,27)   ",#52331B,    
  2473 CP         ,"rgb(198,187,188)",#C6BBBC,    
  2474 CP         ,"rgb(183,168,159)",#B7A89F,    
  2475 CP         ,"rgb(162,139,131)",#A28B83,    
  2476 CP         ,"rgb(135,113,111)",#87716F,    
  2477 CP         ,"rgb(110,85,77)  ",#6E554D,    
  2478 CP         ,"rgb(61,38,41)   ",#3D2629,    
  2479 CP         ,"rgb(47,36,29)   ",#2F241D,    
  2562 CP         ,"rgb(201,175,207)",#C9AFCF,    
  2563 CP         ,"rgb(195,168,203)",#C3A8CB,    
  2567 CP         ,"rgb(182,155,196)",#B69BC4,    
  2572 CP         ,"rgb(182,136,183)",#B688B7,    
  2573 CP         ,"rgb(173,140,187)",#AD8CBB,    
  2577 CP         ,"rgb(164,135,186)",#A487BA,    
  2582 CP         ,"rgb(152,87,155) ",#98579B,    
  2583 CP         ,"rgb(153,104,164)",#9968A4,    
  2587 CP         ,"rgb(132,95,161) ",#845FA1,    
  2592 CP         ,"rgb(139,67,143) ",#8B438F,    
  2593 CP         ,"rgb(129,63,142) ",#813F8E,    
  2597 CP         ,"rgb(100,51,133) ",#643385,    
  2602 CP         ,"rgb(128,45,130) ",#802D82,    
  2603 CP         ,"rgb(116,49,130) ",#743182,    
  2607 CP         ,"rgb(91,46,126)  ",#5B2E7E,    
  2612 CP         ,"rgb(118,44,124) ",#762C7C,    
  2613 CP         ,"rgb(107,47,117) ",#6B2F75,    
  2617 CP         ,"rgb(85,43,117)  ",#552B75,    
  2622 CP         ,"rgb(99,40,98)   ",#632862,    
  2623 CP         ,"rgb(97,44,105)  ",#612C69,    
  2627 CP         ,"rgb(72,41,96)   ",#482960,    
  2635 CP         ,"rgb(192,181,213)",#C0B5D5,    
  2645 CP         ,"rgb(164,152,198)",#A498C6,    
  2655 CP         ,"rgb(134,119,177)",#8677B1,    
  2665 CP         ,"rgb(110,92,161) ",#6E5CA1,    
  2685 CP         ,"rgb(66,51,126)  ",#42337E,    
  2695 CP         ,"rgb(49,40,82)   ",#312852,    
  2705 CP         ,"rgb(161,161,204)",#A1A1CC,    
  2706 CP         ,"rgb(198,211,233)",#C6D3E9,    
  2707 CP         ,"rgb(198,216,236)",#C6D8EC,    
  2708 CP         ,"rgb(182,200,228)",#B6C8E4,    
  2715 CP         ,"rgb(131,129,186)",#8381BA,    
  2716 CP         ,"rgb(156,171,212)",#9CABD4,    
  2717 CP         ,"rgb(171,193,225)",#ABC1E1,    
  2718 CP         ,"rgb(116,137,193)",#7489C1,    
  2725 CP         ,"rgb(99,89,158)  ",#63599E,    
  2726 CP         ,"rgb(81,102,171) ",#5166AB,    
  2727 CP         ,"rgb(101,130,190)",#6582BE,    
  2728 CP         ,"rgb(64,97,166)  ",#4061A6,    
  2735 CP         ,"rgb(59,51,128)  ",#3B3380,    
  2736 CP         ,"rgb(55,67,147)  ",#374393,    
  2738 CP         ,"rgb(53,61,138)  ",#353D8A,    
  2745 CP         ,"rgb(54,45,114)  ",#362D72,    
  2746 CP         ,"rgb(47,63,144)  ",#2F3F90,    
  2747 CP         ,"rgb(43,62,133)  ",#2B3E85,    
  2748 CP         ,"rgb(51,54,124)  ",#33367C,    
  2755 CP         ,"rgb(50,43,106)  ",#322B6A,    
  2756 CP         ,"rgb(45,56,129)  ",#2D3881,    
  2757 CP         ,"rgb(41,54,108)  ",#29366C,    
  2758 CP         ,"rgb(46,48,102)  ",#2E3066,    
  2765 CP         ,"rgb(42,40,83)   ",#2A2853,    
  2766 CP         ,"rgb(40,42,85)   ",#282A55,    
  2767 CP         ,"rgb(38,44,74)   ",#262C4A,    
  2768 CP         ,"rgb(41,42,74)   ",#292A4A,    
  2905 CP         ,"rgb(146,204,234)",#92CCEA,    
  2915 CP         ,"rgb(114,183,226)",#72B7E2,    
  2925 CP         ,"rgb(21,150,209) ",#1596D1,    
  2935 CP         ,"rgb(0,104,175)  ",#0068AF,    
  2945 CP         ,"rgb(0,94,152)   ",#005E98,    
  2955 CP         ,"rgb(22,68,105)  ",#164469,    
  2965 CP         ,"rgb(32,52,75)   ",#20344B,    
  2975 CP         ,"rgb(165,215,227)",#A5D7E3,    
  2985 CP         ,"rgb(96,194,224) ",#60C2E0,    
  2995 CP         ,"rgb(0,173,230)  ",#00ADE6,    
  3005 CP         ,"rgb(0,129,200)  ",#0081C8,    
  3015 CP         ,"rgb(0,109,163)  ",#006DA3,    
  3025 CP         ,"rgb(0,89,122)   ",#00597A,    
  3035 CP         ,"rgb(0,67,87)    ",#004357,    
  3105 CP         ,"rgb(149,207,216)",#95CFD8,    
  3115 CP         ,"rgb(107,193,207)",#6BC1CF,    
  3125 CP         ,"rgb(0,170,195)  ",#00AAC3,    
  3135 CP         ,"rgb(0,155,187)  ",#009BBB,    
  3145 CP         ,"rgb(0,125,145)  ",#007D91,    
  3155 CP         ,"rgb(0,108,124)  ",#006C7C,    
  3165 CP         ,"rgb(0,87,96)    ",#005760,    
  3242 CP         ,"rgb(159,210,203)",#9FD2CB,    
  3245 CP         ,"rgb(150,205,191)",#96CDBF,    
  3248 CP         ,"rgb(150,208,200)",#96D0C8,    
  3252 CP         ,"rgb(149,206,199)",#95CEC7,    
  3255 CP         ,"rgb(140,201,191)",#8CC9BF,    
  3258 CP         ,"rgb(129,199,185)",#81C7B9,    
  3262 CP         ,"rgb(74,183,174) ",#4AB7AE,    
  3265 CP         ,"rgb(93,186,169) ",#5DBAA9,    
  3268 CP         ,"rgb(28,175,148) ",#1CAF94,    
  3272 CP         ,"rgb(0,167,159)  ",#00A79F,    
  3275 CP         ,"rgb(0,168,144)  ",#00A890,    
  3278 CP         ,"rgb(0,161,126)  ",#00A17E,    
  3282 CP         ,"rgb(0,145,133)  ",#009185,    
  3285 CP         ,"rgb(0,163,137)  ",#00A389,    
  3288 CP         ,"rgb(0,142,116)  ",#008E74,    
  3292 CP         ,"rgb(0,103,89)   ",#006759,    
  3295 CP         ,"rgb(0,131,107)  ",#00836B,    
  3298 CP         ,"rgb(0,117,95)   ",#00755F,    
  3302 CP         ,"rgb(31,88,75)   ",#1F584B,    
  3305 CP         ,"rgb(26,82,67)   ",#1A5243,    
  3308 CP         ,"rgb(23,73,60)   ",#17493C,    
  3375 CP         ,"rgb(177,215,196)",#B1D7C4,    
  3385 CP         ,"rgb(162,209,190)",#A2D1BE,    
  3395 CP         ,"rgb(114,191,157)",#72BF9D,    
  3405 CP         ,"rgb(33,173,126) ",#21AD7E,    
  3415 CP         ,"rgb(0,132,90)   ",#00845A,    
  3425 CP         ,"rgb(28,112,77)  ",#1C704D,    
  3435 CP         ,"rgb(36,84,61)   ",#24543D,    
  3500 CP         ,"rgb(0,114,54)   ",#007236,    
  3501 CP         ,"rgb(76,164,43)  ",#4CA42B,    
  3506 CP         ,"rgb(0,87,160)   ",#0057A0,    
  3507 CP         ,"rgb(177,197,0)  ",#B1C500,    
  3508 CP         ,"rgb(83,118,34)  ",#537622,    
  3514 CP         ,"rgb(236,174,0)  ",#ECAE00,    
  3515 CP         ,"rgb(93,39,115)  ",#5D2773,    
  3516 CP         ,"rgb(217,61,31)  ",#D93D1F,    
  3517 CP         ,"rgb(197,28,31)  ",#C51C1F,    
  3519 CP         ,"rgb(230,165,167)",#E6A5A7,    
  3520 CP         ,"rgb(172,126,176)",#AC7EB0,    
  3522 CP         ,"rgb(0,139,67)   ",#008B43,    
  3523 CP         ,"rgb(118,48,46)  ",#76302E,    
  3524 CP         ,"rgb(40,38,75)   ",#28264B,    
  3526 CP         ,"rgb(121,141,149)",#798D95,    
  3527 CP         ,"rgb(200,46,132) ",#C82E84,    
  3529 CP         ,"rgb(52,159,46)  ",#349F2E,    
  3533 CP         ,"rgb(112,194,183)",#70C2B7,    
  3534 CP         ,"rgb(0,162,152)  ",#00A298,    
  3535 CP         ,"rgb(72,43,121)  ",#482B79,    
  3536 CP         ,"rgb(0,137,69)   ",#008945,    
  3537 CP         ,"rgb(0,70,37)    ",#004625,    
  3538 CP         ,"rgb(0,138,204)  ",#008ACC,    
  3539 CP         ,"rgb(54,152,44)  ",#36982C,    
  3541 CP         ,"rgb(0,152,166)  ",#0098A6,    
  3542 CP         ,"rgb(62,43,116)  ",#3E2B74,    
  3543 CP         ,"rgb(158,139,186)",#9E8BBA,    
  3544 CP         ,"rgb(228,187,169)",#E4BBA9,    
  3545 CP         ,"rgb(0,174,211)  ",#00AED3,    
  3546 CP         ,"rgb(201,28,31)  ",#C91C1F,    
  3547 CP         ,"rgb(195,135,38) ",#C38726,    
  3551 CP         ,"rgb(0,158,190)  ",#009EBE,    
  3553 CP         ,"rgb(0,111,173)  ",#006FAD,    
  3555 CP         ,"rgb(78,43,120)  ",#4E2B78,    
  3556 CP         ,"rgb(218,62,31)  ",#DA3E1F,    
  3557 CP         ,"rgb(0,121,126)  ",#00797E,    
  3558 CP         ,"rgb(148,156,199)",#949CC7,    
  3559 CP         ,"rgb(126,73,144) ",#7E4990,    
  3560 CP         ,"rgb(0,155,147)  ",#009B93,    
  3561 CP         ,"rgb(136,182,19) ",#88B613,    
  3564 CP         ,"rgb(222,101,43) ",#DE652B,    
  3566 CP         ,"rgb(66,40,99)   ",#422863,    
  3568 CP         ,"rgb(233,190,202)",#E9BECA,    
  3570 CP         ,"rgb(188,201,0)  ",#BCC900,    
  3572 CP         ,"rgb(229,157,149)",#E59D95,    
  3574 CP         ,"rgb(80,65,116)  ",#504174,    
  3575 CP         ,"rgb(144,113,170)",#9071AA,    
  3577 CP         ,"rgb(125,178,209)",#7DB2D1,    
  3581 CP         ,"rgb(40,51,109)  ",#28336D,    
  3582 CP         ,"rgb(202,104,154)",#CA689A,    
  3583 CP         ,"rgb(79,45,124)  ",#4F2D7C,    
  3584 CP         ,"rgb(61,69,123)  ",#3D457B,    
  3588 CP         ,"rgb(226,126,46) ",#E27E2E,    
  3590 CP         ,"rgb(56,80,148)  ",#385094,    
  3591 CP         ,"rgb(39,52,125)  ",#27347D,    
  3593 CP         ,"rgb(144,102,162)",#9066A2,    
  3595 CP         ,"rgb(231,178,196)",#E7B2C4,    
  3596 CP         ,"rgb(220,179,127)",#DCB37F,    
  3597 CP         ,"rgb(31,53,111)  ",#1F356F,    
  3599 CP         ,"rgb(219,188,115)",#DBBC73,    
  3935 CP         ,"rgb(245,233,123)",#F5E97B,    
  3945 CP         ,"rgb(244,228,44) ",#F4E42C,    
  3955 CP         ,"rgb(243,226,0)  ",#F3E200,    
  3965 CP         ,"rgb(236,223,0)  ",#ECDF00,    
  3975 CP         ,"rgb(186,169,5)  ",#BAA905,    
  3985 CP         ,"rgb(152,136,21) ",#988815,    
  3995 CP         ,"rgb(98,87,29)   ",#62571D,    
  4485 CP         ,"rgb(100,84,38)  ",#645426,    
  4495 CP         ,"rgb(138,116,46) ",#8A742E,    
  4505 CP         ,"rgb(159,137,60) ",#9F893C,    
  4515 CP         ,"rgb(180,163,101)",#B4A365,    
  4525 CP         ,"rgb(197,183,132)",#C5B784,    
  4535 CP         ,"rgb(211,199,157)",#D3C79D,    
  4545 CP         ,"rgb(225,215,174)",#E1D7AE,    
  4625 CP         ,"rgb(85,59,48)   ",#553B30,    
  4635 CP         ,"rgb(158,109,68) ",#9E6D44,    
  4645 CP         ,"rgb(175,134,97) ",#AF8661,    
  4655 CP         ,"rgb(192,149,121)",#C09579,    
  4665 CP         ,"rgb(208,173,148)",#D0AD94,    
  4675 CP         ,"rgb(219,194,172)",#DBC2AC,    
  4685 CP         ,"rgb(227,205,184)",#E3CDB8,    
  4695 CP         ,"rgb(90,54,36)   ",#5A3624,    
  4705 CP         ,"rgb(119,81,66)  ",#775142,    
  4715 CP         ,"rgb(145,106,87) ",#916A57,    
  4725 CP         ,"rgb(169,137,119)",#A98977,    
  4735 CP         ,"rgb(197,170,156)",#C5AA9C,    
  4745 CP         ,"rgb(204,181,166)",#CCB5A6,    
  4755 CP         ,"rgb(217,198,182)",#D9C6B6,    
  4975 CP         ,"rgb(69,43,41)   ",#452B29,    
  4985 CP         ,"rgb(135,79,88)  ",#874F58,    
  4995 CP         ,"rgb(154,101,108)",#9A656C,    
  5005 CP         ,"rgb(173,122,127)",#AD7A7F,    
  5015 CP         ,"rgb(207,166,169)",#CFA6A9,    
  5025 CP         ,"rgb(216,177,178)",#D8B1B2,    
  5035 CP         ,"rgb(230,202,203)",#E6CACB,    
  5115 CP         ,"rgb(85,45,65)   ",#552D41,    
  5125 CP         ,"rgb(116,67,100) ",#744364,    
  5135 CP         ,"rgb(140,96,126) ",#8C607E,    
  5145 CP         ,"rgb(164,128,157)",#A4809D,    
  5155 CP         ,"rgb(199,174,195)",#C7AEC3,    
  5165 CP         ,"rgb(219,201,213)",#DBC9D5,    
  5175 CP         ,"rgb(223,207,216)",#DFCFD8,    
  5185 CP         ,"rgb(73,49,64)   ",#493140,    
  5195 CP         ,"rgb(102,69,89)  ",#664559,    
  5205 CP         ,"rgb(137,104,126)",#89687E,    
  5215 CP         ,"rgb(179,152,169)",#B398A9,    
  5225 CP         ,"rgb(202,181,193)",#CAB5C1,    
  5235 CP         ,"rgb(216,199,206)",#D8C7CE,    
  5245 CP         ,"rgb(225,215,216)",#E1D7D8,    
  5255 CP         ,"rgb(43,35,56)   ",#2B2338,    
  5265 CP         ,"rgb(61,58,97)   ",#3D3A61,    
  5275 CP         ,"rgb(81,82,123)  ",#51527B,    
  5285 CP         ,"rgb(138,138,168)",#8A8AA8,    
  5295 CP         ,"rgb(174,175,197)",#AEAFC5,    
  5305 CP         ,"rgb(194,194,210)",#C2C2D2,    
  5315 CP         ,"rgb(213,215,224)",#D5D7E0,    
  5395 CP         ,"rgb(32,43,52)   ",#202B34,    
  5405 CP         ,"rgb(72,109,135) ",#486D87,    
  5415 CP         ,"rgb(95,132,156) ",#5F849C,    
  5425 CP         ,"rgb(123,156,177)",#7B9CB1,    
  5435 CP         ,"rgb(162,186,202)",#A2BACA,    
  5445 CP         ,"rgb(187,202,214)",#BBCAD6,    
  5455 CP         ,"rgb(201,213,218)",#C9D5DA,    
  5463 CP         ,"rgb(27,47,52)   ",#1B2F34,    
  5467 CP         ,"rgb(35,59,55)   ",#233B37,    
  5473 CP         ,"rgb(22,102,111) ",#16666F,    
  5477 CP         ,"rgb(67,98,92)   ",#43625C,    
  5483 CP         ,"rgb(80,142,150) ",#508E96,    
  5487 CP         ,"rgb(96,125,119) ",#607D77,    
  5493 CP         ,"rgb(123,173,182)",#7BADB6,    
  5497 CP         ,"rgb(133,158,155)",#859E9B,    
  5503 CP         ,"rgb(146,189,193)",#92BDC1,    
  5507 CP         ,"rgb(166,186,183)",#A6BAB7,    
  5513 CP         ,"rgb(172,205,209)",#ACCDD1,    
  5517 CP         ,"rgb(187,201,196)",#BBC9C4,    
  5523 CP         ,"rgb(195,218,219)",#C3DADB,    
  5527 CP         ,"rgb(203,213,207)",#CBD5CF,    
  5535 CP         ,"rgb(39,59,51)   ",#273B33,    
  5545 CP         ,"rgb(78,110,96)  ",#4E6E60,    
  5555 CP         ,"rgb(108,138,120)",#6C8A78,    
  5565 CP         ,"rgb(132,158,140)",#849E8C,    
  5575 CP         ,"rgb(155,178,162)",#9BB2A2,    
  5585 CP         ,"rgb(189,204,191)",#BDCCBF,    
  5595 CP         ,"rgb(201,213,200)",#C9D5C8,    
  5605 CP         ,"rgb(38,57,45)   ",#26392D,    
  5615 CP         ,"rgb(95,119,99)  ",#5F7763,    
  5625 CP         ,"rgb(120,138,122)",#788A7A,    
  5635 CP         ,"rgb(151,167,152)",#97A798,    
  5645 CP         ,"rgb(171,187,174)",#ABBBAE,    
  5655 CP         ,"rgb(184,197,183)",#B8C5B7,    
  5665 CP         ,"rgb(198,209,197)",#C6D1C5,    
  5743 CP         ,"rgb(69,82,46)   ",#45522E,    
  5747 CP         ,"rgb(65,72,35)   ",#414823,    
  5753 CP         ,"rgb(103,112,63) ",#67703F,    
  5757 CP         ,"rgb(110,116,47) ",#6E742F,    
  5763 CP         ,"rgb(119,128,79) ",#77804F,    
  5767 CP         ,"rgb(139,144,75) ",#8B904B,    
  5773 CP         ,"rgb(149,156,114)",#959C72,    
  5777 CP         ,"rgb(163,167,109)",#A3A76D,    
  5783 CP         ,"rgb(170,176,141)",#AAB08D,    
  5787 CP         ,"rgb(189,194,147)",#BDC293,    
  5793 CP         ,"rgb(187,190,158)",#BBBE9E,    
  5797 CP         ,"rgb(197,199,154)",#C5C79A,    
  5803 CP         ,"rgb(203,208,179)",#CBD0B3,    
  5807 CP         ,"rgb(214,215,181)",#D6D7B5,    
  5815 CP         ,"rgb(87,81,34)   ",#575122,    
  5825 CP         ,"rgb(140,133,57) ",#8C8539,    
  5835 CP         ,"rgb(165,159,90) ",#A59F5A,    
  5845 CP         ,"rgb(175,170,107)",#AFAA6B,    
  5855 CP         ,"rgb(196,193,142)",#C4C18E,    
  5865 CP         ,"rgb(208,206,158)",#D0CE9E,    
  5875 CP         ,"rgb(215,211,170)",#D7D3AA,    
  7401 CP         ,"rgb(248,233,190)",#F8E9BE,    
  7402 CP         ,"rgb(241,225,155)",#F1E19B,    
  7403 CP         ,"rgb(237,210,124)",#EDD27C,    
  7404 CP         ,"rgb(250,218,70) ",#FADA46,    
  7405 CP         ,"rgb(243,208,28) ",#F3D01C,    
  7406 CP         ,"rgb(239,193,17) ",#EFC111,    
  7407 CP         ,"rgb(205,158,74) ",#CD9E4A,    
  7408 CP         ,"rgb(243,186,22) ",#F3BA16,    
  7409 CP         ,"rgb(242,183,21) ",#F2B715,    
  7410 CP         ,"rgb(237,172,113)",#EDAC71,    
  7411 CP         ,"rgb(232,165,82) ",#E8A552,    
  7412 CP         ,"rgb(207,126,36) ",#CF7E24,    
  7413 CP         ,"rgb(218,128,32) ",#DA8020,    
  7414 CP         ,"rgb(186,106,35) ",#BA6A23,    
  7415 CP         ,"rgb(236,193,173)",#ECC1AD,    
  7416 CP         ,"rgb(225,113,82) ",#E17152,    
  7417 CP         ,"rgb(218,87,60)  ",#DA573C,    
  7418 CP         ,"rgb(197,80,88)  ",#C55058,    
  7419 CP         ,"rgb(173,84,99)  ",#AD5463,    
  7420 CP         ,"rgb(161,39,70)  ",#A12746,    
  7421 CP         ,"rgb(109,36,57)  ",#6D2439,    
  7422 CP         ,"rgb(242,217,222)",#F2D9DE,    
  7423 CP         ,"rgb(225,116,148)",#E17494,    
  7424 CP         ,"rgb(220,75,137) ",#DC4B89,    
  7425 CP         ,"rgb(189,51,98)  ",#BD3362,    
  7426 CP         ,"rgb(177,43,80)  ",#B12B50,    
  7427 CP         ,"rgb(161,44,54)  ",#A12C36,    
  7428 CP         ,"rgb(109,39,60)  ",#6D273C,    
  7429 CP         ,"rgb(229,191,207)",#E5BFCF,    
  7430 CP         ,"rgb(222,168,193)",#DEA8C1,    
  7431 CP         ,"rgb(206,128,162)",#CE80A2,    
  7432 CP         ,"rgb(188,92,132) ",#BC5C84,    
  7433 CP         ,"rgb(175,57,106) ",#AF396A,    
  7434 CP         ,"rgb(160,46,90)  ",#A02E5A,    
  7435 CP         ,"rgb(139,36,81)  ",#8B2451,    
  7436 CP         ,"rgb(235,216,228)",#EBD8E4,    
  7437 CP         ,"rgb(208,175,206)",#D0AFCE,    
  7438 CP         ,"rgb(200,153,193)",#C899C1,    
  7439 CP         ,"rgb(185,141,188)",#B98DBC,    
  7440 CP         ,"rgb(170,126,179)",#AA7EB3,    
  7441 CP         ,"rgb(156,107,168)",#9C6BA8,    
  7442 CP         ,"rgb(133,72,147) ",#854893,    
  7443 CP         ,"rgb(218,218,231)",#DADAE7,    
  7444 CP         ,"rgb(184,187,218)",#B8BBDA,    
  7445 CP         ,"rgb(163,161,200)",#A3A1C8,    
  7446 CP         ,"rgb(145,143,194)",#918FC2,    
  7447 CP         ,"rgb(94,75,132)  ",#5E4B84,    
  7448 CP         ,"rgb(80,62,85)   ",#503E55,    
  7449 CP         ,"rgb(63,37,55)   ",#3F2537,    
  7450 CP         ,"rgb(192,203,227)",#C0CBE3,    
  7451 CP         ,"rgb(154,177,215)",#9AB1D7,    
  7452 CP         ,"rgb(138,155,202)",#8A9BCA,    
  7453 CP         ,"rgb(139,170,212)",#8BAAD4,    
  7454 CP         ,"rgb(108,149,181)",#6C95B5,    
  7455 CP         ,"rgb(73,103,171) ",#4967AB,    
  7456 CP         ,"rgb(109,121,182)",#6D79B6,    
  7457 CP         ,"rgb(208,230,232)",#D0E6E8,    
  7458 CP         ,"rgb(119,182,201)",#77B6C9,    
  7459 CP         ,"rgb(73,159,188) ",#499FBC,    
  7460 CP         ,"rgb(0,146,201)  ",#0092C9,    
  7461 CP         ,"rgb(0,137,199)  ",#0089C7,    
  7462 CP         ,"rgb(0,95,144)   ",#005F90,    
  7463 CP         ,"rgb(28,58,86)   ",#1C3A56,    
  7464 CP         ,"rgb(173,214,207)",#ADD6CF,    
  7465 CP         ,"rgb(118,194,177)",#76C2B1,    
  7466 CP         ,"rgb(0,174,179)  ",#00AEB3,    
  7467 CP         ,"rgb(0,166,181)  ",#00A6B5,    
  7468 CP         ,"rgb(0,122,159)  ",#007A9F,    
  7469 CP         ,"rgb(0,97,135)   ",#006187,    
  7470 CP         ,"rgb(0,93,111)   ",#005D6F,    
  7471 CP         ,"rgb(169,211,207)",#A9D3CF,    
  7472 CP         ,"rgb(121,194,190)",#79C2BE,    
  7473 CP         ,"rgb(63,162,148) ",#3FA294,    
  7474 CP         ,"rgb(0,123,140)  ",#007B8C,    
  7475 CP         ,"rgb(75,131,136) ",#4B8388,    
  7476 CP         ,"rgb(18,82,91)   ",#12525B,    
  7477 CP         ,"rgb(33,78,95)   ",#214E5F,    
  7478 CP         ,"rgb(190,218,197)",#BEDAC5,    
  7479 CP         ,"rgb(130,191,140)",#82BF8C,    
  7480 CP         ,"rgb(81,177,124) ",#51B17C,    
  7481 CP         ,"rgb(51,170,102) ",#33AA66,    
  7482 CP         ,"rgb(0,162,90)   ",#00A25A,    
  7483 CP         ,"rgb(41,95,66)   ",#295F42,    
  7484 CP         ,"rgb(19,91,66)   ",#135B42,    
  7485 CP         ,"rgb(230,235,206)",#E6EBCE,    
  7486 CP         ,"rgb(196,216,153)",#C4D899,    
  7487 CP         ,"rgb(169,203,119)",#A9CB77,    
  7488 CP         ,"rgb(146,191,85) ",#92BF55,    
  7489 CP         ,"rgb(127,175,92) ",#7FAF5C,    
  7490 CP         ,"rgb(118,155,61) ",#769B3D,    
  7491 CP         ,"rgb(122,137,51) ",#7A8933,    
  7492 CP         ,"rgb(210,214,146)",#D2D692,    
  7493 CP         ,"rgb(194,202,149)",#C2CA95,    
  7494 CP         ,"rgb(163,180,141)",#A3B48D,    
  7495 CP         ,"rgb(141,155,32) ",#8D9B20,    
  7496 CP         ,"rgb(120,137,32) ",#788920,    
  7497 CP         ,"rgb(127,116,87) ",#7F7457,    
  7498 CP         ,"rgb(88,90,40)   ",#585A28,    
  7499 CP         ,"rgb(245,233,189)",#F5E9BD,    
  7500 CP         ,"rgb(233,219,179)",#E9DBB3,    
  7501 CP         ,"rgb(225,205,166)",#E1CDA6,    
  7502 CP         ,"rgb(214,188,141)",#D6BC8D,    
  7503 CP         ,"rgb(178,158,105)",#B29E69,    
  7504 CP         ,"rgb(151,118,83) ",#977653,    
  7505 CP         ,"rgb(135,98,62)  ",#87623E,    
  7506 CP         ,"rgb(242,219,179)",#F2DBB3,    
  7507 CP         ,"rgb(244,209,161)",#F4D1A1,    
  7508 CP         ,"rgb(226,188,131)",#E2BC83,    
  7509 CP         ,"rgb(218,171,104)",#DAAB68,    
  7510 CP         ,"rgb(202,143,68) ",#CA8F44,    
  7511 CP         ,"rgb(181,112,30) ",#B5701E,    
  7512 CP         ,"rgb(169,100,30) ",#A9641E,    
  7513 CP         ,"rgb(235,191,166)",#EBBFA6,    
  7514 CP         ,"rgb(214,165,139)",#D6A58B,    
  7515 CP         ,"rgb(199,145,113)",#C79171,    
  7516 CP         ,"rgb(154,84,48)  ",#9A5430,    
  7517 CP         ,"rgb(136,71,40)  ",#884728,    
  7518 CP         ,"rgb(110,80,73)  ",#6E5049,    
  7519 CP         ,"rgb(94,81,69)   ",#5E5145,    
  7520 CP         ,"rgb(234,194,177)",#EAC2B1,    
  7521 CP         ,"rgb(199,163,142)",#C7A38E,    
  7522 CP         ,"rgb(184,112,91) ",#B8705B,    
  7523 CP         ,"rgb(173,101,95) ",#AD655F,    
  7524 CP         ,"rgb(166,81,74)  ",#A6514A,    
  7525 CP         ,"rgb(161,106,77) ",#A16A4D,    
  7526 CP         ,"rgb(143,59,33)  ",#8F3B21,    
  7527 CP         ,"rgb(220,214,193)",#DCD6C1,    
  7528 CP         ,"rgb(202,191,173)",#CABFAD,    
  7529 CP         ,"rgb(191,177,159)",#BFB19F,    
  7530 CP         ,"rgb(173,159,138)",#AD9F8A,    
  7531 CP         ,"rgb(137,120,99) ",#897863,    
  7532 CP         ,"rgb(108,94,75)  ",#6C5E4B,    
  7533 CP         ,"rgb(73,59,41)   ",#493B29,    
  7534 CP         ,"rgb(216,211,191)",#D8D3BF,    
  7535 CP         ,"rgb(190,183,160)",#BEB7A0,    
  7536 CP         ,"rgb(173,165,137)",#ADA589,    
  7537 CP         ,"rgb(171,177,161)",#ABB1A1,    
  7538 CP         ,"rgb(152,159,143)",#989F8F,    
  7539 CP         ,"rgb(146,151,144)",#929790,    
  7540 CP         ,"rgb(82,86,87)   ",#525657,    
  7541 CP         ,"rgb(220,229,228)",#DCE5E4,    
  7542 CP         ,"rgb(165,187,192)",#A5BBC0,    
  7543 CP         ,"rgb(152,165,174)",#98A5AE,    
  7544 CP         ,"rgb(120,137,149)",#788995,    
  7545 CP         ,"rgb(61,82,101)  ",#3D5265,    
  7546 CP         ,"rgb(44,60,76)   ",#2C3C4C,    
  7547 CP         ,"rgb(29,35,46)   ",#1D232E,    
  7548 CP         ,"rgb(246,208,58) ",#F6D03A,    
  7549 CP         ,"rgb(236,187,51) ",#ECBB33,    
  7550 CP         ,"rgb(214,157,42) ",#D69D2A,    
  7551 CP         ,"rgb(184,131,34) ",#B88322,    
  7552 CP         ,"rgb(117,92,33)  ",#755C21,    
  7553 CP         ,"rgb(90,74,46)   ",#5A4A2E,    
  7554 CP         ,"rgb(71,59,45)   ",#473B2D,    
  7555 CP         ,"rgb(219,168,16) ",#DBA810,    
  7556 CP         ,"rgb(190,146,31) ",#BE921F,    
  7557 CP         ,"rgb(162,130,33) ",#A28221,    
  7558 CP         ,"rgb(153,120,38) ",#997826,    
  7559 CP         ,"rgb(145,111,37) ",#916F25,    
  7560 CP         ,"rgb(126,101,35) ",#7E6523,    
  7561 CP         ,"rgb(106,86,37)  ",#6A5625,    
  7562 CP         ,"rgb(190,154,84) ",#BE9A54,    
  7563 CP         ,"rgb(222,165,49) ",#DEA531,    
  7564 CP         ,"rgb(224,149,23) ",#E09517,    
  7565 CP         ,"rgb(210,129,34) ",#D28122,    
  7566 CP         ,"rgb(180,101,42) ",#B4652A,    
  7567 CP         ,"rgb(133,80,38)  ",#855026,    
  7568 CP         ,"rgb(116,71,36)  ",#744724,    
  7569 CP         ,"rgb(221,146,36) ",#DD9224,    
  7570 CP         ,"rgb(214,138,40) ",#D68A28,    
  7571 CP         ,"rgb(200,129,39) ",#C88127,    
  7572 CP         ,"rgb(186,119,44) ",#BA772C,    
  7573 CP         ,"rgb(168,105,50) ",#A86932,    
  7574 CP         ,"rgb(161,103,43) ",#A1672B,    
  7575 CP         ,"rgb(134,90,35)  ",#865A23,    
  7576 CP         ,"rgb(219,141,76) ",#DB8D4C,    
  7577 CP         ,"rgb(223,132,79) ",#DF844F,    
  7578 CP         ,"rgb(224,110,30) ",#E06E1E,    
  7579 CP         ,"rgb(222,98,37)  ",#DE6225,    
  7580 CP         ,"rgb(196,87,41)  ",#C45729,    
  7581 CP         ,"rgb(127,74,53)  ",#7F4A35,    
  7582 CP         ,"rgb(102,70,48)  ",#664630,    
  7583 CP         ,"rgb(200,100,38) ",#C86426,    
  7584 CP         ,"rgb(192,93,38)  ",#C05D26,    
  7585 CP         ,"rgb(183,92,47)  ",#B75C2F,    
  7586 CP         ,"rgb(160,81,42)  ",#A0512A,    
  7587 CP         ,"rgb(151,76,40)  ",#974C28,    
  7588 CP         ,"rgb(122,76,48)  ",#7A4C30,    
  7589 CP         ,"rgb(81,57,44)   ",#51392C,    
  7590 CP         ,"rgb(210,182,158)",#D2B69E,    
  7591 CP         ,"rgb(193,128,85) ",#C18055,    
  7592 CP         ,"rgb(182,90,48)  ",#B65A30,    
  7593 CP         ,"rgb(156,62,37)  ",#9C3E25,    
  7594 CP         ,"rgb(121,59,43)  ",#793B2B,    
  7595 CP         ,"rgb(113,64,42)  ",#71402A,    
  7596 CP         ,"rgb(78,43,31)   ",#4E2B1F,    
  7597 CP         ,"rgb(209,72,37)  ",#D14825,    
  7598 CP         ,"rgb(199,73,40)  ",#C74928,    
  7599 CP         ,"rgb(187,70,40)  ",#BB4628,    
  7600 CP         ,"rgb(139,66,47)  ",#8B422F,    
  7601 CP         ,"rgb(132,65,42)  ",#84412A,    
  7602 CP         ,"rgb(119,71,43)  ",#77472B,    
  7603 CP         ,"rgb(100,63,40)  ",#643F28,    
  7604 CP         ,"rgb(235,219,216)",#EBDBD8,    
  7605 CP         ,"rgb(229,192,184)",#E5C0B8,    
  7606 CP         ,"rgb(218,155,143)",#DA9B8F,    
  7607 CP         ,"rgb(197,108,95) ",#C56C5F,    
  7608 CP         ,"rgb(171,73,56)  ",#AB4938,    
  7609 CP         ,"rgb(136,56,47)  ",#88382F,    
  7610 CP         ,"rgb(104,50,45)  ",#68322D,    
  7611 CP         ,"rgb(228,196,184)",#E4C4B8,    
  7612 CP         ,"rgb(208,163,146)",#D0A392,    
  7613 CP         ,"rgb(193,143,126)",#C18F7E,    
  7614 CP         ,"rgb(172,135,122)",#AC877A,    
  7615 CP         ,"rgb(131,99,92)  ",#83635C,    
  7616 CP         ,"rgb(117,87,83)  ",#755753,    
  7617 CP         ,"rgb(91,63,60)   ",#5B3F3C,    
  7618 CP         ,"rgb(203,115,79) ",#CB734F,    
  7619 CP         ,"rgb(200,85,52)  ",#C85534,    
  7620 CP         ,"rgb(177,48,42)  ",#B1302A,    
  7621 CP         ,"rgb(175,47,44)  ",#AF2F2C,    
  7622 CP         ,"rgb(157,48,43)  ",#9D302B,    
  7623 CP         ,"rgb(145,45,41)  ",#912D29,    
  7624 CP         ,"rgb(131,41,38)  ",#832926,    
  7625 CP         ,"rgb(221,88,61)  ",#DD583D,    
  7626 CP         ,"rgb(213,60,43)  ",#D53C2B,    
  7627 CP         ,"rgb(178,55,48)  ",#B23730,    
  7628 CP         ,"rgb(163,55,54)  ",#A33736,    
  7629 CP         ,"rgb(111,54,49)  ",#6F3631,    
  7630 CP         ,"rgb(99,52,42)   ",#63342A,    
  7631 CP         ,"rgb(94,54,56)   ",#5E3638,    
  7632 CP         ,"rgb(225,210,210)",#E1D2D2,    
  7633 CP         ,"rgb(203,169,173)",#CBA9AD,    
  7634 CP         ,"rgb(199,115,138)",#C7738A,    
  7635 CP         ,"rgb(201,62,107) ",#C93E6B,    
  7636 CP         ,"rgb(192,34,80)  ",#C02250,    
  7637 CP         ,"rgb(147,44,70)  ",#932C46,    
  7638 CP         ,"rgb(137,46,69)  ",#892E45,    
  7639 CP         ,"rgb(153,115,120)",#997378,    
  7640 CP         ,"rgb(156,73,93)  ",#9C495D,    
  7641 CP         ,"rgb(149,39,77)  ",#95274D,    
  7642 CP         ,"rgb(114,47,75)  ",#722F4B,    
  7643 CP         ,"rgb(108,46,74)  ",#6C2E4A,    
  7644 CP         ,"rgb(91,43,66)   ",#5B2B42,    
  7645 CP         ,"rgb(84,43,63)   ",#542B3F,    
  7646 CP         ,"rgb(173,118,138)",#AD768A,    
  7647 CP         ,"rgb(172,70,121) ",#AC4679,    
  7648 CP         ,"rgb(159,26,110) ",#9F1A6E,    
  7649 CP         ,"rgb(146,30,108) ",#921E6C,    
  7650 CP         ,"rgb(121,33,94)  ",#79215E,    
  7651 CP         ,"rgb(109,43,95)  ",#6D2B5F,    
  7652 CP         ,"rgb(105,41,90)  ",#69295A,    
  7653 CP         ,"rgb(160,146,161)",#A092A1,    
  7654 CP         ,"rgb(172,130,162)",#AC82A2,    
  7655 CP         ,"rgb(172,102,159)",#AC669F,    
  7656 CP         ,"rgb(148,60,132) ",#943C84,    
  7657 CP         ,"rgb(116,41,102) ",#742966,    
  7658 CP         ,"rgb(111,52,99)  ",#6F3463,    
  7659 CP         ,"rgb(96,56,87)   ",#603857,    
  7660 CP         ,"rgb(163,154,172)",#A39AAC,    
  7661 CP         ,"rgb(144,114,155)",#90729B,    
  7662 CP         ,"rgb(125,72,141) ",#7D488D,    
  7663 CP         ,"rgb(108,47,125) ",#6C2F7D,    
  7664 CP         ,"rgb(99,46,121)  ",#632E79,    
  7665 CP         ,"rgb(93,57,111)  ",#5D396F,    
  7666 CP         ,"rgb(96,80,98)   ",#605062,    
  7667 CP         ,"rgb(107,128,162)",#6B80A2,    
  7668 CP         ,"rgb(108,115,165)",#6C73A5,    
  7669 CP         ,"rgb(98,98,162)  ",#6262A2,    
  7670 CP         ,"rgb(89,89,158)  ",#59599E,    
  7671 CP         ,"rgb(83,75,144)  ",#534B90,    
  7672 CP         ,"rgb(77,70,140)  ",#4D468C,    
  7673 CP         ,"rgb(85,88,135)  ",#555887,    
  7674 CP         ,"rgb(136,145,187)",#8891BB,    
  7675 CP         ,"rgb(128,133,177)",#8085B1,    
  7676 CP         ,"rgb(119,106,163)",#776AA3,    
  7677 CP         ,"rgb(114,86,155) ",#72569B,    
  7678 CP         ,"rgb(108,75,148) ",#6C4B94,    
  7679 CP         ,"rgb(90,53,134)  ",#5A3586,    
  7680 CP         ,"rgb(83,46,121)  ",#532E79,    
  7681 CP         ,"rgb(154,173,208)",#9AADD0,    
  7682 CP         ,"rgb(110,142,192)",#6E8EC0,    
  7683 CP         ,"rgb(69,109,176) ",#456DB0,    
  7684 CP         ,"rgb(59,97,166)  ",#3B61A6,    
  7685 CP         ,"rgb(46,89,160)  ",#2E59A0,    
  7686 CP         ,"rgb(34,77,143)  ",#224D8F,    
  7687 CP         ,"rgb(38,69,131)  ",#264583,    
  7688 CP         ,"rgb(93,166,208) ",#5DA6D0,    
  7689 CP         ,"rgb(72,154,197) ",#489AC5,    
  7690 CP         ,"rgb(0,127,175)  ",#007FAF,    
  7691 CP         ,"rgb(0,103,158)  ",#00679E,    
  7692 CP         ,"rgb(0,91,141)   ",#005B8D,    
  7693 CP         ,"rgb(22,80,119)  ",#165077,    
  7694 CP         ,"rgb(18,74,112)  ",#124A70,    
  7695 CP         ,"rgb(148,182,197)",#94B6C5,    
  7696 CP         ,"rgb(110,158,176)",#6E9EB0,    
  7697 CP         ,"rgb(91,138,158) ",#5B8A9E,    
  7698 CP         ,"rgb(71,118,145) ",#477691,    
  7699 CP         ,"rgb(54,104,132) ",#366884,    
  7700 CP         ,"rgb(26,96,128)  ",#1A6080,    
  7701 CP         ,"rgb(0,95,130)   ",#005F82,    
  7702 CP         ,"rgb(78,173,199) ",#4EADC7,    
  7703 CP         ,"rgb(26,161,189) ",#1AA1BD,    
  7704 CP         ,"rgb(0,138,175)  ",#008AAF,    
  7705 CP         ,"rgb(0,113,153)  ",#007199,    
  7706 CP         ,"rgb(0,109,142)  ",#006D8E,    
  7707 CP         ,"rgb(0,100,129)  ",#006481,    
  7708 CP         ,"rgb(0,90,118)   ",#005A76,    
  7709 CP         ,"rgb(98,181,187) ",#62B5BB,    
  7710 CP         ,"rgb(0,175,186)  ",#00AFBA,    
  7711 CP         ,"rgb(0,153,169)  ",#0099A9,    
  7712 CP         ,"rgb(0,136,155)  ",#00889B,    
  7713 CP         ,"rgb(0,130,147)  ",#008293,    
  7714 CP         ,"rgb(0,116,129)  ",#007481,    
  7715 CP         ,"rgb(0,102,111)  ",#00666F,    
  7716 CP         ,"rgb(0,159,151)  ",#009F97,    
  7717 CP         ,"rgb(0,142,133)  ",#008E85,    
  7718 CP         ,"rgb(0,123,117)  ",#007B75,    
  7719 CP         ,"rgb(0,114,107)  ",#00726B,    
  7720 CP         ,"rgb(0,103,97)   ",#006761,    
  7721 CP         ,"rgb(0,95,91)    ",#005F5B,    
  7722 CP         ,"rgb(0,83,79)    ",#00534F,    
  7723 CP         ,"rgb(88,170,131) ",#58AA83,    
  7724 CP         ,"rgb(39,155,111) ",#279B6F,    
  7725 CP         ,"rgb(0,140,85)   ",#008C55,    
  7726 CP         ,"rgb(0,127,71)   ",#007F47,    
  7727 CP         ,"rgb(0,112,62)   ",#00703E,    
  7728 CP         ,"rgb(0,104,72)   ",#006848,    
  7729 CP         ,"rgb(0,88,63)    ",#00583F,    
  7730 CP         ,"rgb(88,156,99)  ",#589C63,    
  7731 CP         ,"rgb(57,144,74)  ",#39904A,    
  7732 CP         ,"rgb(2,131,63)   ",#02833F,    
  7733 CP         ,"rgb(0,117,64)   ",#007540,    
  7734 CP         ,"rgb(39,93,58)   ",#275D3A,    
  7735 CP         ,"rgb(54,85,58)   ",#36553A,    
  7736 CP         ,"rgb(53,81,62)   ",#35513E,    
  7737 CP         ,"rgb(116,170,53) ",#74AA35,    
  7738 CP         ,"rgb(83,166,58)  ",#53A63A,    
  7739 CP         ,"rgb(61,158,62)  ",#3D9E3E,    
  7740 CP         ,"rgb(70,151,58)  ",#46973A,    
  7741 CP         ,"rgb(67,138,52)  ",#438A34,    
  7742 CP         ,"rgb(72,120,45)  ",#48782D,    
  7743 CP         ,"rgb(70,113,43)  ",#46712B,    
  7744 CP         ,"rgb(196,198,38) ",#C4C626,    
  7745 CP         ,"rgb(175,176,56) ",#AFB038,    
  7746 CP         ,"rgb(157,160,60) ",#9DA03C,    
  7747 CP         ,"rgb(138,143,59) ",#8A8F3B,    
  7748 CP         ,"rgb(130,134,60) ",#82863C,    
  7749 CP         ,"rgb(116,116,41) ",#747429,    
  7750 CP         ,"rgb(104,102,41) ",#686629,    
  7751 CP         ,"rgb(208,188,90) ",#D0BC5A,    
  7752 CP         ,"rgb(212,182,64) ",#D4B640,    
  7753 CP         ,"rgb(196,162,41) ",#C4A229,    
  7754 CP         ,"rgb(161,136,56) ",#A18838,    
  7755 CP         ,"rgb(134,115,55) ",#867337,    
  7756 CP         ,"rgb(120,103,52) ",#786734,    
  7757 CP         ,"rgb(106,96,61)  ",#6A603D,    
  7758 CP         ,"rgb(222,204,8)  ",#DECC08,    
  7759 CP         ,"rgb(202,187,21) ",#CABB15,    
  7760 CP         ,"rgb(145,131,41) ",#918329,    
  7761 CP         ,"rgb(128,122,57) ",#807A39,    
  7762 CP         ,"rgb(103,106,62) ",#676A3E,    
  7763 CP         ,"rgb(90,92,54)   ",#5A5C36,    
  7764 CP         ,"rgb(88,88,52)   ",#585834,    
  7765 CP         ,"rgb(195,185,31) ",#C3B91F,    
  7766 CP         ,"rgb(184,174,34) ",#B8AE22,    
  7767 CP         ,"rgb(169,154,37) ",#A99A25,    
  7768 CP         ,"rgb(153,137,68) ",#998944,    
  7769 CP         ,"rgb(122,108,55) ",#7A6C37,    
  7770 CP         ,"rgb(99,88,58)   ",#63583A,    
  7771 CP         ,"rgb(82,75,43)   ",#524B2B,    
  Black 2 CP      ,"rgb(56,54,36)   ",#383624,    
  Black 3 CP      ,"rgb(38,45,38)   ",#262D26,    
  Black 4 CP      ,"rgb(56,49,39)   ",#383127,    
  Black 5 CP      ,"rgb(66,50,56)   ",#423238,    
  Black 6 CP      ,"rgb(32,39,44)   ",#20272C,    
  Black 7 CP      ,"rgb(54,52,50)   ",#363432,    
  Black CP        ,"rgb(47,44,39)   ",#2F2C27,    
  Blue 072 CP     ,"rgb(47,64,142)  ",#2F408E,    
  Cool Gray 1 CP  ,"rgb(221,221,218)",#DDDDDA,    
  Cool Gray 2 CP  ,"rgb(214,214,210)",#D6D6D2,    
  Cool Gray 3 CP  ,"rgb(202,202,199)",#CACAC7,    
  Cool Gray 4 CP  ,"rgb(185,185,183)",#B9B9B7,    
  Cool Gray 5 CP  ,"rgb(179,179,176)",#B3B3B0,    
  Cool Gray 6 CP  ,"rgb(174,174,174)",#AEAEAE,    
  Cool Gray 7 CP  ,"rgb(153,153,155)",#99999B,    
  Cool Gray 8 CP  ,"rgb(143,144,146)",#8F9092,    
  Cool Gray 9 CP  ,"rgb(122,123,126)",#7A7B7E,    
  Cool Gray 10 CP ,"rgb(102,103,108)",#66676C,    
  Cool Gray 11 CP ,"rgb(85,86,91)   ",#55565B,    
  Green CP        ,"rgb(0,160,121)  ",#00A079,    
  Orange 021 CP   ,"rgb(229,128,28) ",#E5801C,    
  Process Blue CP ,"rgb(0,139,204)  ",#008BCC,    
  Purple CP       ,"rgb(163,66,143) ",#A3428F,    
  Red 032 CP      ,"rgb(221,83,84)  ",#DD5354,    
  Reflex Blue CP  ,"rgb(38,63,140)  ",#263F8C,    
  Rhodamine Red CP,"rgb(203,72,145) ",#CB4891,    
  Rubine Red CP   ,"rgb(209,35,104) ",#D12368,    
  Violet CP       ,"rgb(74,54,135)  ",#4A3687,    
  Warm Gray 1 CP  ,"rgb(219,216,209)",#DBD8D1,    
  Warm Gray 2 CP  ,"rgb(206,199,191)",#CEC7BF,    
  Warm Gray 3 CP  ,"rgb(188,180,172)",#BCB4AC,    
  Warm Gray 4 CP  ,"rgb(177,170,162)",#B1AAA2,    
  Warm Gray 5 CP  ,"rgb(172,165,156)",#ACA59C,    
  Warm Gray 6 CP  ,"rgb(162,152,143)",#A2988F,    
  Warm Gray 7 CP  ,"rgb(153,140,133)",#998C85,    
  Warm Gray 8 CP  ,"rgb(144,133,123)",#90857B,    
  Warm Gray 9 CP  ,"rgb(135,122,110)",#877A6E,    
  Warm Gray 10 CP ,"rgb(119,106,96) ",#776A60,    
  Warm Gray 11 CP ,"rgb(108,96,84)  ",#6C6054,    
  Warm Red CP     ,"rgb(222,90,74)  ",#DE5A4A,    
  Yellow CP       ,"rgb(253,225,0)  ",#FDE100,    