  code             ,rgb             ,hex    ,name
  100 U            ,"rgb(254,243,128)",#FEF380,    
  101 U            ,"rgb(255,241,102)",#FFF166,    
  102 U            ,"rgb(255,236,45) ",#FFEC2D,    
  103 U            ,"rgb(180,159,41) ",#B49F29,    
  104 U            ,"rgb(155,141,57) ",#9B8D39,    
  105 U            ,"rgb(125,117,71) ",#7D7547,    
  106 U            ,"rgb(255,235,104)",#FFEB68,    
  107 U            ,"rgb(255,229,82) ",#FFE552,    
  108 U            ,"rgb(255,221,53) ",#FFDD35,    
  109 U            ,"rgb(255,199,0)  ",#FFC700,    
  110 U            ,"rgb(204,159,38) ",#CC9F26,    
  111 U            ,"rgb(156,135,59) ",#9C873B,    
  112 U            ,"rgb(138,122,62) ",#8A7A3E,    
  113 U            ,"rgb(255,225,94) ",#FFE15E,    
  114 U            ,"rgb(255,217,74) ",#FFD94A,    
  115 U            ,"rgb(255,206,46) ",#FFCE2E,    
  116 U            ,"rgb(255,181,17) ",#FFB511,    
  117 U            ,"rgb(183,140,48) ",#B78C30,    
  118 U            ,"rgb(158,129,57) ",#9E8139,    
  119 U            ,"rgb(132,119,72) ",#847748,    
  120 U            ,"rgb(255,217,106)",#FFD96A,    
  121 U            ,"rgb(255,204,82) ",#FFCC52,    
  122 U            ,"rgb(255,192,63) ",#FFC03F,    
  123 U            ,"rgb(255,172,42) ",#FFAC2A,    
  124 U            ,"rgb(215,145,51) ",#D79133,    
  125 U            ,"rgb(166,129,61) ",#A6813D,    
  126 U            ,"rgb(142,119,66) ",#8E7742,    
  127 U            ,"rgb(252,227,133)",#FCE385,    
  128 U            ,"rgb(252,207,97) ",#FCCF61,    
  129 U            ,"rgb(250,175,63) ",#FAAF3F,    
  130 U            ,"rgb(247,155,46) ",#F79B2E,    
  131 U            ,"rgb(186,128,50) ",#BA8032,    
  132 U            ,"rgb(151,122,60) ",#977A3C,    
  133 U            ,"rgb(124,112,71) ",#7C7047,    
  134 U            ,"rgb(255,211,120)",#FFD378,    
  135 U            ,"rgb(255,194,103)",#FFC267,    
  136 U            ,"rgb(255,173,74) ",#FFAD4A,    
  137 U            ,"rgb(255,159,55) ",#FF9F37,    
  138 U            ,"rgb(211,124,50) ",#D37C32,    
  139 U            ,"rgb(157,111,60) ",#9D6F3C,    
  140 U            ,"rgb(127,106,69) ",#7F6A45,    
  141 U            ,"rgb(249,193,110)",#F9C16E,    
  142 U            ,"rgb(248,176,93) ",#F8B05D,    
  143 U            ,"rgb(246,160,77) ",#F6A04D,    
  144 U            ,"rgb(243,139,60) ",#F38B3C,    
  145 U            ,"rgb(201,127,58) ",#C97F3A,    
  146 U            ,"rgb(157,116,65) ",#9D7441,    
  147 U            ,"rgb(118,105,74) ",#76694A,    
  148 U            ,"rgb(255,198,136)",#FFC688,    
  149 U            ,"rgb(255,181,117)",#FFB575,    
  150 U            ,"rgb(255,153,85) ",#FF9955,    
  151 U            ,"rgb(255,136,62) ",#FF883E,    
  152 U            ,"rgb(224,122,63) ",#E07A3F,    
  153 U            ,"rgb(172,111,66) ",#AC6F42,    
  154 U            ,"rgb(146,104,68) ",#926844,    
  155 U            ,"rgb(247,201,149)",#F7C995,    
  156 U            ,"rgb(247,185,132)",#F7B984,    
  157 U            ,"rgb(243,150,98) ",#F39662,    
  158 U            ,"rgb(238,127,75) ",#EE7F4B,    
  159 U            ,"rgb(201,113,70) ",#C97146,    
  160 U            ,"rgb(157,107,71) ",#9D6B47,    
  161 U            ,"rgb(120,98,73)  ",#786249,    
  162 U            ,"rgb(255,187,155)",#FFBB9B,    
  163 U            ,"rgb(255,156,118)",#FF9C76,    
  164 U            ,"rgb(255,134,95) ",#FF865F,    
  165 U            ,"rgb(255,117,72) ",#FF7548,    
  166 U            ,"rgb(225,103,64) ",#E16740,    
  167 U            ,"rgb(180,101,71) ",#B46547,    
  168 U            ,"rgb(138,97,75)  ",#8A614B,    
  169 U            ,"rgb(255,183,174)",#FFB7AE,    
  170 U            ,"rgb(255,141,126)",#FF8D7E,    
  171 U            ,"rgb(255,120,101)",#FF7865,    
  172 U            ,"rgb(255,103,77) ",#FF674D,    
  173 U            ,"rgb(206,97,74)  ",#CE614A,    
  174 U            ,"rgb(156,91,75)  ",#9C5B4B,    
  175 U            ,"rgb(125,89,77)  ",#7D594D,    
  176 U            ,"rgb(255,177,186)",#FFB1BA,    
  177 U            ,"rgb(255,140,145)",#FF8C91,    
  178 U            ,"rgb(255,118,119)",#FF7677,    
  179 U            ,"rgb(225,95,85)  ",#E15F55,    
  180 U            ,"rgb(191,96,89)  ",#BF6059,    
  181 U            ,"rgb(139,89,82)  ",#8B5952,    
  182 U            ,"rgb(255,184,202)",#FFB8CA,    
  183 U            ,"rgb(255,141,163)",#FF8DA3,    
  184 U            ,"rgb(252,110,131)",#FC6E83,    
  185 U            ,"rgb(241,80,96)  ",#F15060,    
  186 U            ,"rgb(210,81,94)  ",#D2515E,    
  187 U            ,"rgb(174,83,92)  ",#AE535C,    
  188 U            ,"rgb(137,85,89)  ",#895559,    
  189 U            ,"rgb(255,171,194)",#FFABC2,    
  190 U            ,"rgb(254,135,163)",#FE87A3,    
  191 U            ,"rgb(248,112,137)",#F87089,    
  192 U            ,"rgb(238,83,107) ",#EE536B,    
  193 U            ,"rgb(197,82,101) ",#C55265,    
  194 U            ,"rgb(163,89,101) ",#A35965,    
  195 U            ,"rgb(136,90,97)  ",#885A61,    
  196 U            ,"rgb(244,195,203)",#F4C3CB,    
  197 U            ,"rgb(242,161,178)",#F2A1B2,    
  198 U            ,"rgb(231,107,124)",#E76B7C,    
  199 U            ,"rgb(221,80,97)  ",#DD5061,    
  200 U            ,"rgb(189,79,92)  ",#BD4F5C,    
  201 U            ,"rgb(161,87,96)  ",#A15760,    
  202 U            ,"rgb(144,88,94)  ",#90585E,    
  203 U            ,"rgb(245,177,204)",#F5B1CC,    
  204 U            ,"rgb(238,130,164)",#EE82A4,    
  205 U            ,"rgb(229,98,132) ",#E56284,    
  206 U            ,"rgb(216,68,101) ",#D84465,    
  207 U            ,"rgb(175,76,100) ",#AF4C64,    
  208 U            ,"rgb(144,85,103) ",#905567,    
  209 U            ,"rgb(130,88,100) ",#825864,    
  210 U            ,"rgb(255,162,203)",#FFA2CB,    
  211 U            ,"rgb(252,133,182)",#FC85B6,    
  212 U            ,"rgb(245,109,158)",#F56D9E,    
  213 U            ,"rgb(233,84,133) ",#E95485,    
  214 U            ,"rgb(209,81,122) ",#D1517A,    
  215 U            ,"rgb(174,81,113) ",#AE5171,    
  216 U            ,"rgb(138,85,102) ",#8A5566,    
  217 U            ,"rgb(244,193,225)",#F4C1E1,    
  218 U            ,"rgb(239,132,185)",#EF84B9,    
  219 U            ,"rgb(228,92,150) ",#E45C96,    
  220 U            ,"rgb(176,76,117) ",#B04C75,    
  221 U            ,"rgb(158,76,110) ",#9E4C6E,    
  222 U            ,"rgb(130,86,107) ",#82566B,    
  223 U            ,"rgb(249,164,216)",#F9A4D8,    
  224 U            ,"rgb(245,135,199)",#F587C7,    
  225 U            ,"rgb(234,96,167) ",#EA60A7,    
  226 U            ,"rgb(220,69,136) ",#DC4588,    
  227 U            ,"rgb(175,72,121) ",#AF4879,    
  228 U            ,"rgb(141,77,109) ",#8D4D6D,    
  229 U            ,"rgb(122,84,102) ",#7A5466,    
  230 U            ,"rgb(254,178,224)",#FEB2E0,    
  231 U            ,"rgb(249,132,202)",#F984CA,    
  232 U            ,"rgb(241,106,183)",#F16AB7,    
  233 U            ,"rgb(200,70,135) ",#C84687,    
  234 U            ,"rgb(170,76,125) ",#AA4C7D,    
  235 U            ,"rgb(145,78,114) ",#914E72,    
  236 U            ,"rgb(248,166,222)",#F8A6DE,    
  237 U            ,"rgb(242,141,210)",#F28DD2,    
  238 U            ,"rgb(233,113,192)",#E971C0,    
  239 U            ,"rgb(219,85,170) ",#DB55AA,    
  240 U            ,"rgb(193,85,152) ",#C15598,    
  241 U            ,"rgb(175,84,139) ",#AF548B,    
  242 U            ,"rgb(141,89,119) ",#8D5977,    
  243 U            ,"rgb(241,178,230)",#F1B2E6,    
  244 U            ,"rgb(235,154,222)",#EB9ADE,    
  245 U            ,"rgb(224,127,208)",#E07FD0,    
  246 U            ,"rgb(206,87,179) ",#CE57B3,    
  247 U            ,"rgb(189,81,162) ",#BD51A2,    
  248 U            ,"rgb(161,79,140) ",#A14F8C,    
  249 U            ,"rgb(136,87,121) ",#885779,    
  250 U            ,"rgb(238,186,233)",#EEBAE9,    
  251 U            ,"rgb(224,150,223)",#E096DF,    
  252 U            ,"rgb(206,112,204)",#CE70CC,    
  253 U            ,"rgb(180,86,174) ",#B456AE,    
  254 U            ,"rgb(158,84,154) ",#9E549A,    
  255 U            ,"rgb(131,87,125) ",#83577D,    
  256 U            ,"rgb(212,180,218)",#D4B4DA,    
  257 U            ,"rgb(194,155,203)",#C29BCB,    
  258 U            ,"rgb(162,118,174)",#A276AE,    
  259 U            ,"rgb(148,103,156)",#94679C,    
  260 U            ,"rgb(138,101,141)",#8A658D,    
  261 U            ,"rgb(127,98,130) ",#7F6282,    
  262 U            ,"rgb(117,94,116) ",#755E74,    
  263 U            ,"rgb(220,198,234)",#DCC6EA,    
  264 U            ,"rgb(191,161,227)",#BFA1E3,    
  265 U            ,"rgb(157,122,210)",#9D7AD2,    
  266 U            ,"rgb(138,101,196)",#8A65C4,    
  267 U            ,"rgb(127,93,174) ",#7F5DAE,    
  268 U            ,"rgb(115,89,144) ",#735990,    
  269 U            ,"rgb(110,88,127) ",#6E587F,    
  270 U            ,"rgb(173,174,222)",#ADAEDE,    
  271 U            ,"rgb(154,155,212)",#9A9BD4,    
  272 U            ,"rgb(133,134,198)",#8586C6,    
  273 U            ,"rgb(100,93,155) ",#645D9B,    
  274 U            ,"rgb(95,87,139)  ",#5F578B,    
  275 U            ,"rgb(93,86,131)  ",#5D5683,    
  276 U            ,"rgb(92,85,111)  ",#5C556F,    
  277 U            ,"rgb(173,207,241)",#ADCFF1,    
  278 U            ,"rgb(141,186,238)",#8DBAEE,    
  279 U            ,"rgb(91,142,219) ",#5B8EDB,    
  280 U            ,"rgb(60,73,129)  ",#3C4981,    
  281 U            ,"rgb(63,74,117)  ",#3F4A75,    
  282 U            ,"rgb(67,73,103)  ",#434967,    
  283 U            ,"rgb(155,199,238)",#9BC7EE,    
  284 U            ,"rgb(122,177,232)",#7AB1E8,    
  285 U            ,"rgb(73,130,207) ",#4982CF,    
  286 U            ,"rgb(50,85,164)  ",#3255A4,    
  287 U            ,"rgb(60,88,150)  ",#3C5896,    
  288 U            ,"rgb(61,85,136)  ",#3D5588,    
  289 U            ,"rgb(67,79,105)  ",#434F69,    
  290 U            ,"rgb(167,212,238)",#A7D4EE,    
  291 U            ,"rgb(127,190,235)",#7FBEEB,    
  292 U            ,"rgb(98,168,229) ",#62A8E5,    
  293 U            ,"rgb(35,91,168)  ",#235BA8,    
  294 U            ,"rgb(56,89,136)  ",#385988,    
  295 U            ,"rgb(55,81,114)  ",#375172,    
  296 U            ,"rgb(67,80,96)   ",#435060,    
  297 U            ,"rgb(126,204,238)",#7ECCEE,    
  298 U            ,"rgb(76,180,231) ",#4CB4E7,    
  299 U            ,"rgb(18,149,216) ",#1295D8,    
  300 U            ,"rgb(0,110,182)  ",#006EB6,    
  301 U            ,"rgb(40,98,142)  ",#28628E,    
  302 U            ,"rgb(55,94,119)  ",#375E77,    
  303 U            ,"rgb(63,86,102)  ",#3F5666,    
  304 U            ,"rgb(142,221,237)",#8EDDED,    
  305 U            ,"rgb(83,202,236) ",#53CAEC,    
  306 U            ,"rgb(0,180,228)  ",#00B4E4,    
  307 U            ,"rgb(0,116,162)  ",#0074A2,    
  308 U            ,"rgb(38,103,130) ",#266782,    
  309 U            ,"rgb(63,88,100)  ",#3F5864,    
  310 U            ,"rgb(91,208,230) ",#5BD0E6,    
  311 U            ,"rgb(1,190,219)  ",#01BEDB,    
  312 U            ,"rgb(0,175,208)  ",#00AFD0,    
  313 U            ,"rgb(0,141,177)  ",#008DB1,    
  314 U            ,"rgb(0,125,153)  ",#007D99,    
  315 U            ,"rgb(32,103,121) ",#206779,    
  316 U            ,"rgb(62,90,98)   ",#3E5A62,    
  317 U            ,"rgb(174,233,232)",#AEE9E8,    
  318 U            ,"rgb(107,217,222)",#6BD9DE,    
  319 U            ,"rgb(37,201,208) ",#25C9D0,    
  320 U            ,"rgb(0,157,165)  ",#009DA5,    
  321 U            ,"rgb(0,131,138)  ",#00838A,    
  322 U            ,"rgb(22,115,120) ",#167378,    
  323 U            ,"rgb(47,97,101)  ",#2F6165,    
  324 U            ,"rgb(130,216,213)",#82D8D5,    
  325 U            ,"rgb(64,193,187) ",#40C1BB,    
  326 U            ,"rgb(0,170,161)  ",#00AAA1,    
  327 U            ,"rgb(0,143,133)  ",#008F85,    
  328 U            ,"rgb(19,125,121) ",#137D79,    
  329 U            ,"rgb(46,117,114) ",#2E7572,    
  330 U            ,"rgb(68,100,99)  ",#446463,    
  331 U            ,"rgb(147,232,211)",#93E8D3,    
  332 U            ,"rgb(112,226,203)",#70E2CB,    
  333 U            ,"rgb(0,210,179)  ",#00D2B3,    
  334 U            ,"rgb(0,149,126)  ",#00957E,    
  335 U            ,"rgb(36,126,111) ",#247E6F,    
  336 U            ,"rgb(58,114,103) ",#3A7267,    
  337 U            ,"rgb(130,213,186)",#82D5BA,    
  338 U            ,"rgb(76,193,161) ",#4CC1A1,    
  339 U            ,"rgb(34,174,138) ",#22AE8A,    
  340 U            ,"rgb(0,158,119)  ",#009E77,    
  341 U            ,"rgb(52,121,99)  ",#347963,    
  342 U            ,"rgb(64,112,96)  ",#407060,    
  343 U            ,"rgb(72,101,91)  ",#48655B,    
  344 U            ,"rgb(142,216,172)",#8ED8AC,    
  345 U            ,"rgb(110,205,156)",#6ECD9C,    
  346 U            ,"rgb(78,189,136) ",#4EBD88,    
  347 U            ,"rgb(22,155,98)  ",#169B62,    
  348 U            ,"rgb(52,133,91)  ",#34855B,    
  349 U            ,"rgb(71,114,88)  ",#477258,    
  350 U            ,"rgb(84,103,88)  ",#546758,    
  351 U            ,"rgb(147,230,180)",#93E6B4,    
  352 U            ,"rgb(112,224,163)",#70E0A3,    
  353 U            ,"rgb(80,214,145) ",#50D691,    
  354 U            ,"rgb(0,169,92)   ",#00A95C,    
  355 U            ,"rgb(25,151,93)  ",#19975D,    
  356 U            ,"rgb(57,126,88)  ",#397E58,    
  357 U            ,"rgb(81,110,90)  ",#516E5A,    
  358 U            ,"rgb(151,216,138)",#97D88A,    
  359 U            ,"rgb(125,204,119)",#7DCC77,    
  360 U            ,"rgb(93,184,96)  ",#5DB860,    
  361 U            ,"rgb(77,170,80)  ",#4DAA50,    
  362 U            ,"rgb(86,148,79)  ",#56944F,    
  363 U            ,"rgb(87,133,78)  ",#57854E,    
  364 U            ,"rgb(91,121,78)  ",#5B794E,    
  365 U            ,"rgb(194,230,146)",#C2E692,    
  366 U            ,"rgb(168,220,125)",#A8DC7D,    
  367 U            ,"rgb(143,209,106)",#8FD16A,    
  368 U            ,"rgb(103,179,70) ",#67B346,    
  369 U            ,"rgb(98,160,68)  ",#62A044,    
  370 U            ,"rgb(105,138,72) ",#698A48,    
  371 U            ,"rgb(104,114,77) ",#68724D,    
  372 U            ,"rgb(209,240,143)",#D1F08F,    
  373 U            ,"rgb(185,233,114)",#B9E972,    
  374 U            ,"rgb(166,227,95) ",#A6E35F,    
  375 U            ,"rgb(115,201,45) ",#73C92D,    
  376 U            ,"rgb(112,171,55) ",#70AB37,    
  377 U            ,"rgb(114,143,65) ",#728F41,    
  378 U            ,"rgb(116,123,77) ",#747B4D,    
  379 U            ,"rgb(231,238,123)",#E7EE7B,    
  380 U            ,"rgb(212,228,88) ",#D4E458,    
  381 U            ,"rgb(186,215,57) ",#BAD739,    
  382 U            ,"rgb(153,194,33) ",#99C221,    
  383 U            ,"rgb(142,154,54) ",#8E9A36,    
  384 U            ,"rgb(134,139,60) ",#868B3C,    
  385 U            ,"rgb(126,123,75) ",#7E7B4B,    
  386 U            ,"rgb(239,241,120)",#EFF178,    
  387 U            ,"rgb(227,237,85) ",#E3ED55,    
  388 U            ,"rgb(213,231,57) ",#D5E739,    
  389 U            ,"rgb(189,220,4)  ",#BDDC04,    
  390 U            ,"rgb(151,169,38) ",#97A926,    
  391 U            ,"rgb(136,138,59) ",#888A3B,    
  392 U            ,"rgb(126,125,65) ",#7E7D41,    
  393 U            ,"rgb(248,242,131)",#F8F283,    
  394 U            ,"rgb(242,238,86) ",#F2EE56,    
  395 U            ,"rgb(237,236,63) ",#EDEC3F,    
  396 U            ,"rgb(219,226,0)  ",#DBE200,    
  397 U            ,"rgb(168,170,49) ",#A8AA31,    
  398 U            ,"rgb(149,149,57) ",#959539,    
  399 U            ,"rgb(138,133,55) ",#8A8537,    
  400 U            ,"rgb(199,193,186)",#C7C1BA,    
  401 U            ,"rgb(180,174,167)",#B4AEA7,    
  402 U            ,"rgb(163,158,152)",#A39E98,    
  403 U            ,"rgb(146,141,136)",#928D88,    
  404 U            ,"rgb(139,134,129)",#8B8681,    
  405 U            ,"rgb(119,114,109)",#77726D,    
  406 U            ,"rgb(199,190,186)",#C7BEBA,    
  407 U            ,"rgb(171,162,160)",#ABA2A0,    
  408 U            ,"rgb(157,149,148)",#9D9594,    
  409 U            ,"rgb(148,139,138)",#948B8A,    
  410 U            ,"rgb(138,130,128)",#8A8280,    
  411 U            ,"rgb(122,114,111)",#7A726F,    
  412 U            ,"rgb(100,92,89)  ",#645C59,    
  413 U            ,"rgb(188,189,180)",#BCBDB4,    
  414 U            ,"rgb(171,172,165)",#ABACA5,    
  415 U            ,"rgb(157,159,153)",#9D9F99,    
  416 U            ,"rgb(145,146,140)",#91928C,    
  417 U            ,"rgb(130,132,127)",#82847F,    
  418 U            ,"rgb(122,123,117)",#7A7B75,    
  419 U            ,"rgb(89,89,85)   ",#595955,    
  420 U            ,"rgb(189,190,189)",#BDBEBD,    
  421 U            ,"rgb(179,181,181)",#B3B5B5,    
  422 U            ,"rgb(158,161,162)",#9EA1A2,    
  423 U            ,"rgb(144,148,150)",#909496,    
  424 U            ,"rgb(136,137,138)",#88898A,    
  425 U            ,"rgb(124,126,127)",#7C7E7F,    
  426 U            ,"rgb(104,104,105)",#686869,    
  427 U            ,"rgb(194,199,202)",#C2C7CA,    
  428 U            ,"rgb(172,179,184)",#ACB3B8,    
  429 U            ,"rgb(145,153,159)",#91999F,    
  430 U            ,"rgb(128,137,145)",#808991,    
  431 U            ,"rgb(115,123,130)",#737B82,    
  432 U            ,"rgb(103,108,115)",#676C73,    
  433 U            ,"rgb(91,93,98)   ",#5B5D62,    
  434 U            ,"rgb(214,202,203)",#D6CACB,    
  435 U            ,"rgb(183,169,173)",#B7A9AD,    
  436 U            ,"rgb(169,155,159)",#A99B9F,    
  437 U            ,"rgb(141,127,131)",#8D7F83,    
  438 U            ,"rgb(129,114,117)",#817275,    
  439 U            ,"rgb(115,104,105)",#736869,    
  440 U            ,"rgb(105,97,95)  ",#69615F,    
  441 U            ,"rgb(185,194,193)",#B9C2C1,    
  442 U            ,"rgb(172,182,182)",#ACB6B6,    
  443 U            ,"rgb(143,154,155)",#8F9A9B,    
  444 U            ,"rgb(126,134,137)",#7E8689,    
  445 U            ,"rgb(107,113,115)",#6B7173,    
  446 U            ,"rgb(99,105,104) ",#636968,    
  447 U            ,"rgb(95,98,95)   ",#5F625F,    
  448 U            ,"rgb(102,97,78)  ",#66614E,    
  449 U            ,"rgb(113,107,84) ",#716B54,    
  450 U            ,"rgb(126,120,90) ",#7E785A,    
  451 U            ,"rgb(146,145,114)",#929172,    
  452 U            ,"rgb(168,166,135)",#A8A687,    
  453 U            ,"rgb(188,185,153)",#BCB999,    
  454 U            ,"rgb(202,200,172)",#CAC8AC,    
  455 U            ,"rgb(119,111,72) ",#776F48,    
  456 U            ,"rgb(144,129,69) ",#908145,    
  457 U            ,"rgb(173,152,68) ",#AD9844,    
  458 U            ,"rgb(206,185,100)",#CEB964,    
  459 U            ,"rgb(221,203,119)",#DDCB77,    
  460 U            ,"rgb(232,217,139)",#E8D98B,    
  461 U            ,"rgb(238,226,159)",#EEE29F,    
  462 U            ,"rgb(112,98,77)  ",#70624D,    
  463 U            ,"rgb(133,111,81) ",#856F51,    
  464 U            ,"rgb(155,124,86) ",#9B7C56,    
  465 U            ,"rgb(176,148,111)",#B0946F,    
  466 U            ,"rgb(193,166,127)",#C1A67F,    
  467 U            ,"rgb(210,186,146)",#D2BA92,    
  468 U            ,"rgb(224,206,170)",#E0CEAA,    
  469 U            ,"rgb(123,96,75)  ",#7B604B,    
  470 U            ,"rgb(163,112,82) ",#A37052,    
  471 U            ,"rgb(190,123,84) ",#BE7B54,    
  472 U            ,"rgb(219,146,113)",#DB9271,    
  473 U            ,"rgb(238,171,136)",#EEAB88,    
  474 U            ,"rgb(246,189,157)",#F6BD9D,    
  475 U            ,"rgb(250,204,173)",#FACCAD,    
  476 U            ,"rgb(110,94,82)  ",#6E5E52,    
  477 U            ,"rgb(125,101,86) ",#7D6556,    
  478 U            ,"rgb(142,110,92) ",#8E6E5C,    
  479 U            ,"rgb(172,140,126)",#AC8C7E,    
  480 U            ,"rgb(195,164,146)",#C3A492,    
  481 U            ,"rgb(211,183,167)",#D3B7A7,    
  482 U            ,"rgb(223,200,183)",#DFC8B7,    
  483 U            ,"rgb(125,91,79)  ",#7D5B4F,    
  484 U            ,"rgb(160,91,78)  ",#A05B4E,    
  485 U            ,"rgb(228,93,80)  ",#E45D50,    
  486 U            ,"rgb(240,141,128)",#F08D80,    
  487 U            ,"rgb(243,162,147)",#F3A293,    
  488 U            ,"rgb(244,185,169)",#F4B9A9,    
  489 U            ,"rgb(245,199,184)",#F5C7B8,    
  490 U            ,"rgb(119,85,84)  ",#775554,    
  491 U            ,"rgb(142,89,90)  ",#8E595A,    
  492 U            ,"rgb(157,93,96)  ",#9D5D60,    
  493 U            ,"rgb(199,124,137)",#C77C89,    
  494 U            ,"rgb(229,154,168)",#E59AA8,    
  495 U            ,"rgb(241,175,188)",#F1AFBC,    
  496 U            ,"rgb(249,194,204)",#F9C2CC,    
  497 U            ,"rgb(113,89,86)  ",#715956,    
  498 U            ,"rgb(128,93,91)  ",#805D5B,    
  499 U            ,"rgb(141,97,95)  ",#8D615F,    
  500 U            ,"rgb(189,137,143)",#BD898F,    
  501 U            ,"rgb(216,165,172)",#D8A5AC,    
  502 U            ,"rgb(230,183,189)",#E6B7BD,    
  503 U            ,"rgb(242,205,207)",#F2CDCF,    
  504 U            ,"rgb(127,93,98)  ",#7F5D62,    
  505 U            ,"rgb(138,92,102) ",#8A5C66,    
  506 U            ,"rgb(154,99,114) ",#9A6372,    
  507 U            ,"rgb(207,143,164)",#CF8FA4,    
  508 U            ,"rgb(223,156,174)",#DF9CAE,    
  509 U            ,"rgb(234,174,190)",#EAAEBE,    
  510 U            ,"rgb(242,191,203)",#F2BFCB,    
  511 U            ,"rgb(116,85,104) ",#745568,    
  512 U            ,"rgb(138,88,127) ",#8A587F,    
  513 U            ,"rgb(158,95,152) ",#9E5F98,    
  514 U            ,"rgb(206,137,195)",#CE89C3,    
  515 U            ,"rgb(226,165,212)",#E2A5D4,    
  516 U            ,"rgb(232,182,220)",#E8B6DC,    
  517 U            ,"rgb(242,200,227)",#F2C8E3,    
  518 U            ,"rgb(108,89,105) ",#6C5969,    
  519 U            ,"rgb(119,93,122) ",#775D7A,    
  520 U            ,"rgb(129,95,135) ",#815F87,    
  521 U            ,"rgb(169,139,181)",#A98BB5,    
  522 U            ,"rgb(188,159,198)",#BC9FC6,    
  523 U            ,"rgb(208,183,213)",#D0B7D5,    
  524 U            ,"rgb(218,197,220)",#DAC5DC,    
  525 U            ,"rgb(115,87,117) ",#735775,    
  526 U            ,"rgb(128,87,145) ",#805791,    
  527 U            ,"rgb(147,97,176) ",#9361B0,    
  528 U            ,"rgb(184,137,210)",#B889D2,    
  529 U            ,"rgb(206,165,225)",#CEA5E1,    
  530 U            ,"rgb(219,185,232)",#DBB9E8,    
  531 U            ,"rgb(228,199,235)",#E4C7EB,    
  532 U            ,"rgb(91,92,100)  ",#5B5C64,    
  533 U            ,"rgb(94,101,120) ",#5E6578,    
  534 U            ,"rgb(91,105,131) ",#5B6983,    
  535 U            ,"rgb(140,157,184)",#8C9DB8,    
  536 U            ,"rgb(164,181,203)",#A4B5CB,    
  537 U            ,"rgb(189,202,218)",#BDCADA,    
  538 U            ,"rgb(205,215,225)",#CDD7E1,    
  539 U            ,"rgb(70,80,98)   ",#465062,    
  540 U            ,"rgb(63,82,111)  ",#3F526F,    
  541 U            ,"rgb(58,85,124)  ",#3A557C,    
  542 U            ,"rgb(105,156,198)",#699CC6,    
  543 U            ,"rgb(121,171,210)",#79ABD2,    
  544 U            ,"rgb(151,193,223)",#97C1DF,    
  545 U            ,"rgb(174,207,230)",#AECFE6,    
  546 U            ,"rgb(70,80,88)   ",#465058,    
  547 U            ,"rgb(65,88,102)  ",#415866,    
  548 U            ,"rgb(62,94,111)  ",#3E5E6F,    
  549 U            ,"rgb(104,153,174)",#6899AE,    
  550 U            ,"rgb(122,170,190)",#7AAABE,    
  551 U            ,"rgb(150,192,206)",#96C0CE,    
  552 U            ,"rgb(176,208,220)",#B0D0DC,    
  553 U            ,"rgb(90,104,93)  ",#5A685D,    
  554 U            ,"rgb(87,117,101) ",#577565,    
  555 U            ,"rgb(86,126,106) ",#567E6A,    
  556 U            ,"rgb(113,158,139)",#719E8B,    
  557 U            ,"rgb(136,178,159)",#88B29F,    
  558 U            ,"rgb(154,192,174)",#9AC0AE,    
  559 U            ,"rgb(181,209,192)",#B5D1C0,    
  560 U            ,"rgb(75,94,91)   ",#4B5E5B,    
  561 U            ,"rgb(70,109,105) ",#466D69,    
  562 U            ,"rgb(67,128,122) ",#43807A,    
  563 U            ,"rgb(118,185,175)",#76B9AF,    
  564 U            ,"rgb(136,198,188)",#88C6BC,    
  565 U            ,"rgb(145,209,197)",#91D1C5,    
  566 U            ,"rgb(180,225,214)",#B4E1D6,    
  567 U            ,"rgb(74,99,93)   ",#4A635D,    
  568 U            ,"rgb(69,128,117) ",#458075,    
  569 U            ,"rgb(44,143,130) ",#2C8F82,    
  570 U            ,"rgb(98,194,177) ",#62C2B1,    
  571 U            ,"rgb(133,216,200)",#85D8C8,    
  572 U            ,"rgb(149,222,207)",#95DECF,    
  573 U            ,"rgb(187,233,222)",#BBE9DE,    
  574 U            ,"rgb(106,115,85) ",#6A7355,    
  575 U            ,"rgb(111,132,86) ",#6F8456,    
  576 U            ,"rgb(122,155,98) ",#7A9B62,    
  577 U            ,"rgb(147,180,121)",#93B479,    
  578 U            ,"rgb(167,197,142)",#A7C58E,    
  579 U            ,"rgb(186,210,158)",#BAD29E,    
  580 U            ,"rgb(201,220,172)",#C9DCAC,    
  581 U            ,"rgb(120,117,74) ",#78754A,    
  582 U            ,"rgb(145,145,69) ",#919145,    
  583 U            ,"rgb(166,179,64) ",#A6B340,    
  584 U            ,"rgb(206,214,101)",#CED665,    
  585 U            ,"rgb(227,230,133)",#E3E685,    
  586 U            ,"rgb(231,233,136)",#E7E988,    
  587 U            ,"rgb(234,236,151)",#EAEC97,    
  600 U            ,"rgb(249,242,157)",#F9F29D,    
  601 U            ,"rgb(247,239,143)",#F7EF8F,    
  602 U            ,"rgb(247,238,131)",#F7EE83,    
  603 U            ,"rgb(243,229,100)",#F3E564,    
  604 U            ,"rgb(237,220,77) ",#EDDC4D,    
  605 U            ,"rgb(224,204,57) ",#E0CC39,    
  606 U            ,"rgb(206,184,41) ",#CEB829,    
  607 U            ,"rgb(243,234,161)",#F3EAA1,    
  608 U            ,"rgb(240,230,145)",#F0E691,    
  609 U            ,"rgb(235,224,129)",#EBE081,    
  610 U            ,"rgb(224,210,104)",#E0D268,    
  611 U            ,"rgb(200,185,78) ",#C8B94E,    
  612 U            ,"rgb(183,167,63) ",#B7A73F,    
  613 U            ,"rgb(162,148,56) ",#A29438,    
  614 U            ,"rgb(225,217,161)",#E1D9A1,    
  615 U            ,"rgb(216,208,150)",#D8D096,    
  616 U            ,"rgb(205,197,136)",#CDC588,    
  617 U            ,"rgb(187,178,117)",#BBB275,    
  618 U            ,"rgb(166,157,98) ",#A69D62,    
  619 U            ,"rgb(150,141,84) ",#968D54,    
  620 U            ,"rgb(135,127,73) ",#877F49,    
  621 U            ,"rgb(202,223,212)",#CADFD4,    
  622 U            ,"rgb(179,203,193)",#B3CBC1,    
  623 U            ,"rgb(150,181,171)",#96B5AB,    
  624 U            ,"rgb(130,161,152)",#82A198,    
  625 U            ,"rgb(108,138,130)",#6C8A82,    
  626 U            ,"rgb(89,117,111) ",#59756F,    
  627 U            ,"rgb(69,93,88)   ",#455D58,    
  628 U            ,"rgb(180,224,230)",#B4E0E6,    
  629 U            ,"rgb(141,208,222)",#8DD0DE,    
  630 U            ,"rgb(116,196,215)",#74C4D7,    
  631 U            ,"rgb(86,178,203) ",#56B2CB,    
  632 U            ,"rgb(57,152,181) ",#3998B5,    
  633 U            ,"rgb(39,130,158) ",#27829E,    
  634 U            ,"rgb(34,110,138) ",#226E8A,    
  635 U            ,"rgb(172,227,239)",#ACE3EF,    
  636 U            ,"rgb(138,216,237)",#8AD8ED,    
  637 U            ,"rgb(94,200,229) ",#5EC8E5,    
  638 U            ,"rgb(50,184,223) ",#32B8DF,    
  639 U            ,"rgb(0,158,204)  ",#009ECC,    
  640 U            ,"rgb(0,138,186)  ",#008ABA,    
  641 U            ,"rgb(0,120,167)  ",#0078A7,    
  642 U            ,"rgb(211,224,234)",#D3E0EA,    
  643 U            ,"rgb(191,210,228)",#BFD2E4,    
  644 U            ,"rgb(157,185,213)",#9DB9D5,    
  645 U            ,"rgb(132,163,196)",#84A3C4,    
  646 U            ,"rgb(110,141,176)",#6E8DB0,    
  647 U            ,"rgb(95,122,157) ",#5F7A9D,    
  648 U            ,"rgb(78,98,130)  ",#4E6282,    
  649 U            ,"rgb(225,231,238)",#E1E7EE,    
  650 U            ,"rgb(215,224,235)",#D7E0EB,    
  651 U            ,"rgb(175,195,220)",#AFC3DC,    
  652 U            ,"rgb(137,162,196)",#89A2C4,    
  653 U            ,"rgb(103,128,164)",#6780A4,    
  654 U            ,"rgb(85,104,139) ",#55688B,    
  655 U            ,"rgb(78,93,127)  ",#4E5D7F,    
  656 U            ,"rgb(226,234,242)",#E2EAF2,    
  657 U            ,"rgb(214,226,242)",#D6E2F2,    
  658 U            ,"rgb(184,207,238)",#B8CFEE,    
  659 U            ,"rgb(150,182,229)",#96B6E5,    
  660 U            ,"rgb(101,139,204)",#658BCC,    
  661 U            ,"rgb(73,103,170) ",#4967AA,    
  662 U            ,"rgb(66,83,144)  ",#425390,    
  663 U            ,"rgb(226,217,227)",#E2D9E3,    
  664 U            ,"rgb(218,207,221)",#DACFDD,    
  665 U            ,"rgb(197,184,206)",#C5B8CE,    
  666 U            ,"rgb(174,161,188)",#AEA1BC,    
  667 U            ,"rgb(144,131,161)",#9083A1,    
  668 U            ,"rgb(129,115,145)",#817391,    
  669 U            ,"rgb(113,99,127) ",#71637F,    
  670 U            ,"rgb(243,214,229)",#F3D6E5,    
  671 U            ,"rgb(239,195,221)",#EFC3DD,    
  672 U            ,"rgb(232,167,205)",#E8A7CD,    
  673 U            ,"rgb(223,140,186)",#DF8CBA,    
  674 U            ,"rgb(205,114,161)",#CD72A1,    
  675 U            ,"rgb(189,97,142) ",#BD618E,    
  676 U            ,"rgb(168,80,121) ",#A85079,    
  677 U            ,"rgb(237,210,224)",#EDD2E0,    
  678 U            ,"rgb(229,192,212)",#E5C0D4,    
  679 U            ,"rgb(218,172,198)",#DAACC6,    
  680 U            ,"rgb(192,139,169)",#C08BA9,    
  681 U            ,"rgb(165,112,141)",#A5708D,    
  682 U            ,"rgb(144,93,120) ",#905D78,    
  683 U            ,"rgb(128,82,104) ",#805268,    
  684 U            ,"rgb(236,203,217)",#ECCBD9,    
  685 U            ,"rgb(228,189,208)",#E4BDD0,    
  686 U            ,"rgb(213,166,190)",#D5A6BE,    
  687 U            ,"rgb(189,140,166)",#BD8CA6,    
  688 U            ,"rgb(162,115,140)",#A2738C,    
  689 U            ,"rgb(142,97,120) ",#8E6178,    
  690 U            ,"rgb(124,80,96)  ",#7C5060,    
  691 U            ,"rgb(241,211,213)",#F1D3D5,    
  692 U            ,"rgb(233,192,197)",#E9C0C5,    
  693 U            ,"rgb(218,165,173)",#DAA5AD,    
  694 U            ,"rgb(195,141,150)",#C38D96,    
  695 U            ,"rgb(172,118,128)",#AC7680,    
  696 U            ,"rgb(152,101,108)",#98656C,    
  697 U            ,"rgb(135,86,91)  ",#87565B,    
  698 U            ,"rgb(250,215,218)",#FAD7DA,    
  699 U            ,"rgb(252,194,204)",#FCC2CC,    
  700 U            ,"rgb(248,170,182)",#F8AAB6,    
  701 U            ,"rgb(233,143,157)",#E98F9D,    
  702 U            ,"rgb(216,121,135)",#D87987,    
  703 U            ,"rgb(180,90,101) ",#B45A65,    
  704 U            ,"rgb(162,79,86)  ",#A24F56,    
  705 U            ,"rgb(255,221,226)",#FFDDE2,    
  706 U            ,"rgb(255,202,212)",#FFCAD4,    
  707 U            ,"rgb(255,176,191)",#FFB0BF,    
  708 U            ,"rgb(254,153,168)",#FE99A8,    
  709 U            ,"rgb(244,124,138)",#F47C8A,    
  710 U            ,"rgb(228,99,111) ",#E4636F,    
  711 U            ,"rgb(206,80,85)  ",#CE5055,    
  712 U            ,"rgb(255,202,157)",#FFCA9D,    
  713 U            ,"rgb(255,193,144)",#FFC190,    
  714 U            ,"rgb(255,176,123)",#FFB07B,    
  715 U            ,"rgb(249,153,99) ",#F99963,    
  716 U            ,"rgb(234,134,81) ",#EA8651,    
  717 U            ,"rgb(215,117,64) ",#D77540,    
  718 U            ,"rgb(199,108,61) ",#C76C3D,    
  719 U            ,"rgb(242,198,162)",#F2C6A2,    
  720 U            ,"rgb(236,186,147)",#ECBA93,    
  721 U            ,"rgb(223,168,128)",#DFA880,    
  722 U            ,"rgb(202,145,108)",#CA916C,    
  723 U            ,"rgb(185,130,95) ",#B9825F,    
  724 U            ,"rgb(165,115,80) ",#A57350,    
  725 U            ,"rgb(148,103,71) ",#946747,    
  726 U            ,"rgb(232,198,169)",#E8C6A9,    
  727 U            ,"rgb(220,181,150)",#DCB596,    
  728 U            ,"rgb(202,161,130)",#CAA182,    
  729 U            ,"rgb(187,146,117)",#BB9275,    
  730 U            ,"rgb(165,126,98) ",#A57E62,    
  731 U            ,"rgb(149,113,86) ",#957156,    
  732 U            ,"rgb(136,103,77) ",#88674D,    
  1205 U           ,"rgb(255,228,149)",#FFE495,    
  1215 U           ,"rgb(255,218,126)",#FFDA7E,    
  1225 U           ,"rgb(255,187,79) ",#FFBB4F,    
  1235 U           ,"rgb(255,174,59) ",#FFAE3B,    
  1245 U           ,"rgb(187,139,65) ",#BB8B41,    
  1255 U           ,"rgb(160,130,70) ",#A08246,    
  1265 U           ,"rgb(136,117,73) ",#887549,    
  1345 U           ,"rgb(255,213,145)",#FFD591,    
  1355 U           ,"rgb(255,200,126)",#FFC87E,    
  1365 U           ,"rgb(255,173,91) ",#FFAD5B,    
  1375 U           ,"rgb(255,153,64) ",#FF9940,    
  1385 U           ,"rgb(205,126,62) ",#CD7E3E,    
  1395 U           ,"rgb(148,110,67) ",#946E43,    
  1405 U           ,"rgb(121,102,72) ",#796648,    
  1485 U           ,"rgb(255,165,99) ",#FFA563,    
  1495 U           ,"rgb(255,147,81) ",#FF9351,    
  1505 U           ,"rgb(255,128,56) ",#FF8038,    
  1525 U           ,"rgb(189,100,57) ",#BD6439,    
  1535 U           ,"rgb(151,98,65)  ",#976241,    
  1545 U           ,"rgb(122,95,72)  ",#7A5F48,    
  1555 U           ,"rgb(255,194,158)",#FFC29E,    
  1565 U           ,"rgb(255,170,129)",#FFAA81,    
  1575 U           ,"rgb(255,150,101)",#FF9665,    
  1585 U           ,"rgb(255,132,80) ",#FF8450,    
  1595 U           ,"rgb(211,112,70) ",#D37046,    
  1605 U           ,"rgb(167,108,76) ",#A76C4C,    
  1615 U           ,"rgb(147,101,74) ",#93654A,    
  1625 U           ,"rgb(255,168,145)",#FFA891,    
  1635 U           ,"rgb(255,150,126)",#FF967E,    
  1645 U           ,"rgb(255,127,97) ",#FF7F61,    
  1655 U           ,"rgb(255,111,76) ",#FF6F4C,    
  1665 U           ,"rgb(229,104,73) ",#E56849,    
  1675 U           ,"rgb(171,97,74)  ",#AB614A,    
  1685 U           ,"rgb(149,97,77)  ",#95614D,    
  1765 U           ,"rgb(255,167,182)",#FFA7B6,    
  1767 U           ,"rgb(255,186,201)",#FFBAC9,    
  1775 U           ,"rgb(255,139,154)",#FF8B9A,    
  1777 U           ,"rgb(255,128,145)",#FF8091,    
  1785 U           ,"rgb(254,102,114)",#FE6672,    
  1787 U           ,"rgb(252,99,113) ",#FC6371,    
  1788 U           ,"rgb(249,93,98)  ",#F95D62,    
  1795 U           ,"rgb(218,89,89)  ",#DA5959,    
  1797 U           ,"rgb(203,79,83)  ",#CB4F53,    
  1805 U           ,"rgb(180,88,88)  ",#B45858,    
  1807 U           ,"rgb(167,81,84)  ",#A75154,    
  1815 U           ,"rgb(143,86,82)  ",#8F5652,    
  1817 U           ,"rgb(121,84,83)  ",#795453,    
  1895 U           ,"rgb(254,179,205)",#FEB3CD,    
  1905 U           ,"rgb(253,156,186)",#FD9CBA,    
  1915 U           ,"rgb(246,111,146)",#F66F92,    
  1925 U           ,"rgb(233,80,110) ",#E9506E,    
  1935 U           ,"rgb(201,76,99)  ",#C94C63,    
  1945 U           ,"rgb(176,84,104) ",#B05468,    
  1955 U           ,"rgb(151,83,97)  ",#975361,    
  2001 U           ,"rgb(255,236,159)",#FFEC9F,    
  2002 U           ,"rgb(255,232,133)",#FFE885,    
  2003 U           ,"rgb(255,232,117)",#FFE875,    
  2004 U           ,"rgb(255,225,127)",#FFE17F,    
  2005 U           ,"rgb(255,219,131)",#FFDB83,    
  2006 U           ,"rgb(241,192,104)",#F1C068,    
  2007 U           ,"rgb(226,168,85) ",#E2A855,    
  2008 U           ,"rgb(248,190,119)",#F8BE77,    
  2009 U           ,"rgb(247,176,106)",#F7B06A,    
  2010 U           ,"rgb(255,178,15) ",#FFB20F,    
  2011 U           ,"rgb(244,153,87) ",#F49957,    
  2012 U           ,"rgb(246,153,65) ",#F69941,    
  2013 U           ,"rgb(255,159,36) ",#FF9F24,    
  2014 U           ,"rgb(187,130,63) ",#BB823F,    
  2015 U           ,"rgb(255,218,182)",#FFDAB6,    
  2016 U           ,"rgb(255,193,135)",#FFC187,    
  2017 U           ,"rgb(255,183,130)",#FFB782,    
  2018 U           ,"rgb(255,138,64) ",#FF8A40,    
  2019 U           ,"rgb(222,131,76) ",#DE834C,    
  2020 U           ,"rgb(200,113,61) ",#C8713D,    
  2021 U           ,"rgb(165,99,61)  ",#A5633D,    
  2022 U           ,"rgb(255,169,143)",#FFA98F,    
  2023 U           ,"rgb(255,156,129)",#FF9C81,    
  2024 U           ,"rgb(255,136,112)",#FF8870,    
  2025 U           ,"rgb(255,149,96) ",#FF9560,    
  2026 U           ,"rgb(251,118,96) ",#FB7660,    
  2027 U           ,"rgb(244,108,99) ",#F46C63,    
  2028 U           ,"rgb(240,81,54)  ",#F05136,    
  2029 U           ,"rgb(247,134,132)",#F78684,    
  2030 U           ,"rgb(230,141,138)",#E68D8A,    
  2031 U           ,"rgb(219,125,123)",#DB7D7B,    
  2032 U           ,"rgb(212,114,113)",#D47271,    
  2033 U           ,"rgb(201,104,103)",#C96867,    
  2034 U           ,"rgb(237,96,98)  ",#ED6062,    
  2035 U           ,"rgb(222,67,67)  ",#DE4343,    
  2036 U           ,"rgb(255,196,220)",#FFC4DC,    
  2037 U           ,"rgb(250,155,203)",#FA9BCB,    
  2038 U           ,"rgb(243,114,166)",#F372A6,    
  2039 U           ,"rgb(234,92,144) ",#EA5C90,    
  2040 U           ,"rgb(221,66,106) ",#DD426A,    
  2041 U           ,"rgb(160,79,101) ",#A04F65,    
  2042 U           ,"rgb(127,78,88)  ",#7F4E58,    
  2043 U           ,"rgb(239,194,210)",#EFC2D2,    
  2044 U           ,"rgb(235,147,181)",#EB93B5,    
  2045 U           ,"rgb(221,124,160)",#DD7CA0,    
  2046 U           ,"rgb(205,108,143)",#CD6C8F,    
  2047 U           ,"rgb(159,95,120) ",#9F5F78,    
  2048 U           ,"rgb(151,90,113) ",#975A71,    
  2049 U           ,"rgb(139,83,101) ",#8B5365,    
  2050 U           ,"rgb(246,221,234)",#F6DDEA,    
  2051 U           ,"rgb(228,200,213)",#E4C8D5,    
  2052 U           ,"rgb(206,165,187)",#CEA5BB,    
  2053 U           ,"rgb(184,140,164)",#B88CA4,    
  2054 U           ,"rgb(162,126,148)",#A27E94,    
  2055 U           ,"rgb(150,115,135)",#967387,    
  2056 U           ,"rgb(136,103,122)",#88677A,    
  2057 U           ,"rgb(217,159,191)",#D99FBF,    
  2058 U           ,"rgb(178,133,166)",#B285A6,    
  2059 U           ,"rgb(185,133,163)",#B985A3,    
  2060 U           ,"rgb(202,122,171)",#CA7AAB,    
  2061 U           ,"rgb(179,112,147)",#B37093,    
  2062 U           ,"rgb(176,95,143) ",#B05F8F,    
  2063 U           ,"rgb(160,83,128) ",#A05380,    
  2064 U           ,"rgb(224,148,204)",#E094CC,    
  2065 U           ,"rgb(223,160,219)",#DFA0DB,    
  2066 U           ,"rgb(211,141,210)",#D38DD2,    
  2067 U           ,"rgb(191,116,192)",#BF74C0,    
  2068 U           ,"rgb(176,102,179)",#B066B3,    
  2069 U           ,"rgb(165,91,168) ",#A55BA8,    
  2070 U           ,"rgb(148,75,150) ",#944B96,    
  2071 U           ,"rgb(203,180,226)",#CBB4E2,    
  2072 U           ,"rgb(185,153,214)",#B999D6,    
  2073 U           ,"rgb(174,150,212)",#AE96D4,    
  2074 U           ,"rgb(152,119,190)",#9877BE,    
  2075 U           ,"rgb(141,117,189)",#8D75BD,    
  2076 U           ,"rgb(140,109,180)",#8C6DB4,    
  2077 U           ,"rgb(118,87,157) ",#76579D,    
  2078 U           ,"rgb(189,166,194)",#BDA6C2,    
  2079 U           ,"rgb(163,140,171)",#A38CAB,    
  2080 U           ,"rgb(152,124,170)",#987CAA,    
  2081 U           ,"rgb(140,112,158)",#8C709E,    
  2082 U           ,"rgb(131,105,149)",#836995,    
  2083 U           ,"rgb(156,113,201)",#9C71C9,    
  2084 U           ,"rgb(138,93,181) ",#8A5DB5,    
  2085 U           ,"rgb(232,212,238)",#E8D4EE,    
  2086 U           ,"rgb(162,144,205)",#A290CD,    
  2087 U           ,"rgb(160,134,215)",#A086D7,    
  2088 U           ,"rgb(136,108,198)",#886CC6,    
  2089 U           ,"rgb(123,97,187) ",#7B61BB,    
  2090 U           ,"rgb(117,90,179) ",#755AB3,    
  2091 U           ,"rgb(103,77,161) ",#674DA1,    
  2092 U           ,"rgb(184,171,216)",#B8ABD8,    
  2093 U           ,"rgb(165,153,192)",#A599C0,    
  2094 U           ,"rgb(145,133,174)",#9185AE,    
  2095 U           ,"rgb(129,115,176)",#8173B0,    
  2096 U           ,"rgb(121,107,167)",#796BA7,    
  2097 U           ,"rgb(113,94,184) ",#715EB8,    
  2098 U           ,"rgb(103,83,170) ",#6753AA,    
  2099 U           ,"rgb(175,160,201)",#AFA0C9,    
  2100 U           ,"rgb(165,150,206)",#A596CE,    
  2101 U           ,"rgb(142,125,210)",#8E7DD2,    
  2102 U           ,"rgb(116,108,175)",#746CAF,    
  2103 U           ,"rgb(108,99,165) ",#6C63A5,    
  2104 U           ,"rgb(103,93,157) ",#675D9D,    
  2105 U           ,"rgb(96,80,135)  ",#605087,    
  2106 U           ,"rgb(180,186,209)",#B4BAD1,    
  2107 U           ,"rgb(152,161,190)",#98A1BE,    
  2108 U           ,"rgb(128,137,169)",#8089A9,    
  2109 U           ,"rgb(118,124,157)",#767C9D,    
  2110 U           ,"rgb(112,118,149)",#707695,    
  2111 U           ,"rgb(100,106,137)",#646A89,    
  2112 U           ,"rgb(86,71,112)  ",#564770,    
  2113 U           ,"rgb(167,178,232)",#A7B2E8,    
  2114 U           ,"rgb(146,156,209)",#929CD1,    
  2115 U           ,"rgb(133,142,199)",#858EC7,    
  2116 U           ,"rgb(122,129,187)",#7A81BB,    
  2117 U           ,"rgb(101,105,162)",#6569A2,    
  2118 U           ,"rgb(90,91,133)  ",#5A5B85,    
  2119 U           ,"rgb(85,85,119)  ",#555577,    
  2120 U           ,"rgb(180,197,235)",#B4C5EB,    
  2121 U           ,"rgb(142,170,217)",#8EAAD9,    
  2122 U           ,"rgb(144,164,227)",#90A4E3,    
  2123 U           ,"rgb(119,139,217)",#778BD9,    
  2124 U           ,"rgb(111,119,204)",#6F77CC,    
  2125 U           ,"rgb(103,108,196)",#676CC4,    
  2126 U           ,"rgb(90,91,177)  ",#5A5BB1,    
  2127 U           ,"rgb(186,205,230)",#BACDE6,    
  2128 U           ,"rgb(149,180,230)",#95B4E6,    
  2129 U           ,"rgb(109,143,219)",#6D8FDB,    
  2130 U           ,"rgb(103,123,207)",#677BCF,    
  2131 U           ,"rgb(92,108,186) ",#5C6CBA,    
  2132 U           ,"rgb(83,109,196) ",#536DC4,    
  2133 U           ,"rgb(88,112,170) ",#5870AA,    
  2134 U           ,"rgb(159,176,214)",#9FB0D6,    
  2135 U           ,"rgb(133,152,198)",#8598C6,    
  2136 U           ,"rgb(134,149,182)",#8695B6,    
  2137 U           ,"rgb(120,134,169)",#7886A9,    
  2138 U           ,"rgb(110,122,143)",#6E7A8F,    
  2139 U           ,"rgb(100,118,150)",#647696,    
  2140 U           ,"rgb(89,103,137) ",#596789,    
  2141 U           ,"rgb(131,186,234)",#83BAEA,    
  2142 U           ,"rgb(138,179,232)",#8AB3E8,    
  2143 U           ,"rgb(96,142,205) ",#608ECD,    
  2144 U           ,"rgb(78,123,189) ",#4E7BBD,    
  2145 U           ,"rgb(67,108,174) ",#436CAE,    
  2146 U           ,"rgb(54,82,148)  ",#365294,    
  2147 U           ,"rgb(66,79,132)  ",#424F84,    
  2148 U           ,"rgb(113,149,181)",#7195B5,    
  2149 U           ,"rgb(102,138,170)",#668AAA,    
  2150 U           ,"rgb(93,128,159) ",#5D809F,    
  2151 U           ,"rgb(83,117,160) ",#5375A0,    
  2152 U           ,"rgb(83,115,146) ",#537392,    
  2153 U           ,"rgb(78,108,136) ",#4E6C88,    
  2154 U           ,"rgb(70,96,136)  ",#466088,    
  2155 U           ,"rgb(163,186,208)",#A3BAD0,    
  2156 U           ,"rgb(145,169,196)",#91A9C4,    
  2157 U           ,"rgb(125,151,180)",#7D97B4,    
  2158 U           ,"rgb(112,139,168)",#708BA8,    
  2159 U           ,"rgb(103,130,159)",#67829F,    
  2160 U           ,"rgb(94,120,149) ",#5E7895,    
  2161 U           ,"rgb(81,106,135) ",#516A87,    
  2162 U           ,"rgb(157,165,179)",#9DA5B3,    
  2163 U           ,"rgb(143,161,178)",#8FA1B2,    
  2164 U           ,"rgb(134,151,169)",#8697A9,    
  2165 U           ,"rgb(118,135,154)",#76879A,    
  2166 U           ,"rgb(109,126,145)",#6D7E91,    
  2167 U           ,"rgb(102,119,137)",#667789,    
  2168 U           ,"rgb(88,105,117) ",#586975,    
  2169 U           ,"rgb(132,177,212)",#84B1D4,    
  2170 U           ,"rgb(101,150,192)",#6596C0,    
  2171 U           ,"rgb(80,150,220) ",#5096DC,    
  2172 U           ,"rgb(84,133,212) ",#5485D4,    
  2173 U           ,"rgb(66,130,208) ",#4282D0,    
  2174 U           ,"rgb(61,122,202) ",#3D7ACA,    
  2175 U           ,"rgb(41,115,195) ",#2973C3,    
  2176 U           ,"rgb(179,196,204)",#B3C4CC,    
  2177 U           ,"rgb(141,169,180)",#8DA9B4,    
  2178 U           ,"rgb(125,152,163)",#7D98A3,    
  2179 U           ,"rgb(112,138,150)",#708A96,    
  2180 U           ,"rgb(98,123,136) ",#627B88,    
  2181 U           ,"rgb(89,112,124) ",#59707C,    
  2182 U           ,"rgb(85,106,118) ",#556A76,    
  2183 U           ,"rgb(67,146,186) ",#4392BA,    
  2184 U           ,"rgb(54,137,213) ",#3689D5,    
  2185 U           ,"rgb(58,127,166) ",#3A7FA6,    
  2186 U           ,"rgb(37,96,141)  ",#25608D,    
  2187 U           ,"rgb(56,93,127)  ",#385D7F,    
  2188 U           ,"rgb(60,92,120)  ",#3C5C78,    
  2189 U           ,"rgb(68,88,104)  ",#445868,    
  2190 U           ,"rgb(84,178,233) ",#54B2E9,    
  2191 U           ,"rgb(66,164,228) ",#42A4E4,    
  2192 U           ,"rgb(21,151,221) ",#1597DD,    
  2193 U           ,"rgb(36,142,216) ",#248ED8,    
  2194 U           ,"rgb(4,140,214)  ",#048CD6,    
  2195 U           ,"rgb(47,126,206) ",#2F7ECE,    
  2196 U           ,"rgb(19,102,160) ",#1366A0,    
  2197 U           ,"rgb(106,212,235)",#6AD4EB,    
  2198 U           ,"rgb(63,201,230) ",#3FC9E6,    
  2199 U           ,"rgb(0,187,222)  ",#00BBDE,    
  2200 U           ,"rgb(69,169,199) ",#45A9C7,    
  2201 U           ,"rgb(0,175,215)  ",#00AFD7,    
  2202 U           ,"rgb(0,170,227)  ",#00AAE3,    
  2203 U           ,"rgb(37,141,173) ",#258DAD,    
  2204 U           ,"rgb(172,206,217)",#ACCED9,    
  2205 U           ,"rgb(137,177,197)",#89B1C5,    
  2206 U           ,"rgb(126,163,182)",#7EA3B6,    
  2207 U           ,"rgb(115,157,179)",#739DB3,    
  2208 U           ,"rgb(104,143,164)",#688FA4,    
  2209 U           ,"rgb(102,142,164)",#668EA4,    
  2210 U           ,"rgb(71,101,123) ",#47657B,    
  2211 U           ,"rgb(128,164,172)",#80A4AC,    
  2212 U           ,"rgb(105,141,151)",#698D97,    
  2213 U           ,"rgb(93,125,132) ",#5D7D84,    
  2214 U           ,"rgb(92,126,135) ",#5C7E87,    
  2215 U           ,"rgb(83,105,116) ",#536974,    
  2216 U           ,"rgb(81,98,106)  ",#51626A,    
  2217 U           ,"rgb(67,87,94)   ",#43575E,    
  2218 U           ,"rgb(121,177,190)",#79B1BE,    
  2219 U           ,"rgb(107,165,180)",#6BA5B4,    
  2220 U           ,"rgb(98,155,171) ",#629BAB,    
  2221 U           ,"rgb(86,145,161) ",#5691A1,    
  2222 U           ,"rgb(81,137,154) ",#51899A,    
  2223 U           ,"rgb(71,128,145) ",#478091,    
  2224 U           ,"rgb(61,117,134) ",#3D7586,    
  2225 U           ,"rgb(112,217,229)",#70D9E5,    
  2226 U           ,"rgb(66,205,221) ",#42CDDD,    
  2227 U           ,"rgb(98,192,203) ",#62C0CB,    
  2228 U           ,"rgb(0,168,189)  ",#00A8BD,    
  2229 U           ,"rgb(0,158,180)  ",#009EB4,    
  2230 U           ,"rgb(25,146,164) ",#1992A4,    
  2231 U           ,"rgb(0,133,151)  ",#008597,    
  2232 U           ,"rgb(120,176,181)",#78B0B5,    
  2233 U           ,"rgb(102,166,174)",#66A6AE,    
  2234 U           ,"rgb(96,156,162) ",#609CA2,    
  2235 U           ,"rgb(82,149,157) ",#52959D,    
  2236 U           ,"rgb(84,144,151) ",#549097,    
  2237 U           ,"rgb(80,139,145) ",#508B91,    
  2238 U           ,"rgb(53,117,126) ",#35757E,    
  2239 U           ,"rgb(0,209,182)  ",#00D1B6,    
  2240 U           ,"rgb(0,194,162)  ",#00C2A2,    
  2241 U           ,"rgb(105,161,148)",#69A194,    
  2242 U           ,"rgb(0,163,128)  ",#00A380,    
  2243 U           ,"rgb(65,150,131) ",#419683,    
  2244 U           ,"rgb(80,135,123) ",#50877B,    
  2245 U           ,"rgb(0,141,108)  ",#008D6C,    
  2246 U           ,"rgb(167,217,188)",#A7D9BC,    
  2247 U           ,"rgb(125,198,160)",#7DC6A0,    
  2248 U           ,"rgb(125,187,151)",#7DBB97,    
  2249 U           ,"rgb(109,172,136)",#6DAC88,    
  2250 U           ,"rgb(41,177,123) ",#29B17B,    
  2251 U           ,"rgb(11,170,120) ",#0BAA78,    
  2252 U           ,"rgb(0,170,99)   ",#00AA63,    
  2253 U           ,"rgb(195,241,207)",#C3F1CF,    
  2254 U           ,"rgb(174,228,181)",#AEE4B5,    
  2255 U           ,"rgb(137,215,155)",#89D79B,    
  2256 U           ,"rgb(97,198,128) ",#61C680,    
  2257 U           ,"rgb(55,173,104) ",#37AD68,    
  2258 U           ,"rgb(70,146,83)  ",#469253,    
  2259 U           ,"rgb(72,130,81)  ",#488251,    
  2260 U           ,"rgb(195,219,188)",#C3DBBC,    
  2261 U           ,"rgb(151,184,143)",#97B88F,    
  2262 U           ,"rgb(143,173,142)",#8FAD8E,    
  2263 U           ,"rgb(128,154,123)",#809A7B,    
  2264 U           ,"rgb(118,152,112)",#769870,    
  2265 U           ,"rgb(118,143,112)",#768F70,    
  2266 U           ,"rgb(91,120,85)  ",#5B7855,    
  2267 U           ,"rgb(157,232,159)",#9DE89F,    
  2268 U           ,"rgb(118,221,132)",#76DD84,    
  2269 U           ,"rgb(113,201,115)",#71C973,    
  2270 U           ,"rgb(68,202,103) ",#44CA67,    
  2271 U           ,"rgb(37,189,89)  ",#25BD59,    
  2272 U           ,"rgb(65,162,72)  ",#41A248,    
  2273 U           ,"rgb(80,125,79)  ",#507D4F,    
  2274 U           ,"rgb(213,225,181)",#D5E1B5,    
  2275 U           ,"rgb(199,226,153)",#C7E299,    
  2276 U           ,"rgb(140,168,104)",#8CA868,    
  2277 U           ,"rgb(103,154,71) ",#679A47,    
  2278 U           ,"rgb(102,140,74) ",#668C4A,    
  2279 U           ,"rgb(111,134,83) ",#6F8653,    
  2280 U           ,"rgb(100,123,76) ",#647B4C,    
  2281 U           ,"rgb(219,239,153)",#DBEF99,    
  2282 U           ,"rgb(200,239,151)",#C8EF97,    
  2283 U           ,"rgb(169,230,117)",#A9E675,    
  2284 U           ,"rgb(179,216,132)",#B3D884,    
  2285 U           ,"rgb(146,222,99) ",#92DE63,    
  2286 U           ,"rgb(131,211,70) ",#83D346,    
  2287 U           ,"rgb(100,200,71) ",#64C847,    
  2288 U           ,"rgb(203,232,130)",#CBE882,    
  2289 U           ,"rgb(201,221,132)",#C9DD84,    
  2290 U           ,"rgb(172,225,82) ",#ACE152,    
  2291 U           ,"rgb(167,218,54) ",#A7DA36,    
  2292 U           ,"rgb(140,201,71) ",#8CC947,    
  2293 U           ,"rgb(143,203,36) ",#8FCB24,    
  2294 U           ,"rgb(131,177,59) ",#83B13B,    
  2295 U           ,"rgb(230,242,140)",#E6F28C,    
  2296 U           ,"rgb(217,238,112)",#D9EE70,    
  2297 U           ,"rgb(193,229,78) ",#C1E54E,    
  2298 U           ,"rgb(176,221,101)",#B0DD65,    
  2299 U           ,"rgb(157,211,84) ",#9DD354,    
  2300 U           ,"rgb(173,199,99) ",#ADC763,    
  2301 U           ,"rgb(146,174,79) ",#92AE4F,    
  2302 U           ,"rgb(169,179,110)",#A9B36E,    
  2303 U           ,"rgb(158,179,108)",#9EB36C,    
  2304 U           ,"rgb(158,168,100)",#9EA864,    
  2305 U           ,"rgb(155,167,71) ",#9BA747,    
  2306 U           ,"rgb(130,141,80) ",#828D50,    
  2307 U           ,"rgb(120,128,66) ",#788042,    
  2308 U           ,"rgb(109,105,66) ",#6D6942,    
  2309 U           ,"rgb(236,208,181)",#ECD0B5,    
  2310 U           ,"rgb(220,194,170)",#DCC2AA,    
  2311 U           ,"rgb(204,168,139)",#CCA88B,    
  2312 U           ,"rgb(186,161,141)",#BAA18D,    
  2313 U           ,"rgb(193,150,118)",#C19676,    
  2314 U           ,"rgb(168,128,99) ",#A88063,    
  2315 U           ,"rgb(150,99,64)  ",#966340,    
  2316 U           ,"rgb(191,160,134)",#BFA086,    
  2317 U           ,"rgb(177,140,113)",#B18C71,    
  2318 U           ,"rgb(161,126,101)",#A17E65,    
  2319 U           ,"rgb(141,110,87) ",#8D6E57,    
  2320 U           ,"rgb(121,93,72)  ",#795D48,    
  2321 U           ,"rgb(124,105,92) ",#7C695C,    
  2322 U           ,"rgb(99,82,66)   ",#635242,    
  2323 U           ,"rgb(199,192,170)",#C7C0AA,    
  2324 U           ,"rgb(175,161,137)",#AFA189,    
  2325 U           ,"rgb(162,150,129)",#A29681,    
  2326 U           ,"rgb(150,140,121)",#968C79,    
  2327 U           ,"rgb(143,137,117)",#8F8975,    
  2328 U           ,"rgb(128,119,103)",#807767,    
  2329 U           ,"rgb(118,111,97) ",#766F61,    
  2330 U           ,"rgb(208,206,201)",#D0CEC9,    
  2331 U           ,"rgb(177,172,170)",#B1ACAA,    
  2332 U           ,"rgb(140,138,136)",#8C8A88,    
  2333 U           ,"rgb(118,116,116)",#767474,    
  2334 U           ,"rgb(113,110,110)",#716E6E,    
  2335 U           ,"rgb(113,105,102)",#716966,    
  2336 U           ,"rgb(104,102,102)",#686666,    
  2337 U           ,"rgb(254,183,174)",#FEB7AE,    
  2338 U           ,"rgb(219,156,151)",#DB9C97,    
  2339 U           ,"rgb(241,145,142)",#F1918E,    
  2340 U           ,"rgb(201,122,127)",#C97A7F,    
  2341 U           ,"rgb(172,117,117)",#AC7575,    
  2342 U           ,"rgb(175,109,115)",#AF6D73,    
  2343 U           ,"rgb(166,108,117)",#A66C75,    
  2344 U           ,"rgb(238,133,118)",#EE8576,    
  2345 U           ,"rgb(255,124,118)",#FF7C76,    
  2346 U           ,"rgb(255,111,120)",#FF6F78,    
  2347 U           ,"rgb(231,69,54)  ",#E74536,    
  2348 U           ,"rgb(220,98,94)  ",#DC625E,    
  2349 U           ,"rgb(192,78,55)  ",#C04E37,    
  2350 U           ,"rgb(158,72,63)  ",#9E483F,    
  2351 U           ,"rgb(189,130,179)",#BD82B3,    
  2352 U           ,"rgb(178,114,165)",#B272A5,    
  2353 U           ,"rgb(181,91,153) ",#B55B99,    
  2354 U           ,"rgb(143,100,140)",#8F648C,    
  2355 U           ,"rgb(133,71,124) ",#85477C,    
  2356 U           ,"rgb(124,64,112) ",#7C4070,    
  2357 U           ,"rgb(109,68,90)  ",#6D445A,    
  2358 U           ,"rgb(163,154,166)",#A39AA6,    
  2359 U           ,"rgb(128,120,133)",#807885,    
  2360 U           ,"rgb(126,125,142)",#7E7D8E,    
  2361 U           ,"rgb(118,118,140)",#76768C,    
  2362 U           ,"rgb(119,119,135)",#777787,    
  2363 U           ,"rgb(111,110,125)",#6F6E7D,    
  2364 U           ,"rgb(114,107,119)",#726B77,    
  2365 U           ,"rgb(248,191,231)",#F8BFE7,    
  2366 U           ,"rgb(114,113,200)",#7271C8,    
  2367 U           ,"rgb(104,100,173)",#6864AD,    
  2368 U           ,"rgb(101,95,183) ",#655FB7,    
  2369 U           ,"rgb(94,92,176)  ",#5E5CB0,    
  2370 U           ,"rgb(94,89,155)  ",#5E599B,    
  2371 U           ,"rgb(89,70,141)  ",#59468D,    
  2372 U           ,"rgb(85,78,128)  ",#554E80,    
  2373 U           ,"rgb(120,132,156)",#78849C,    
  2374 U           ,"rgb(96,105,127) ",#60697F,    
  2375 U           ,"rgb(234,136,210)",#EA88D2,    
  2376 U           ,"rgb(101,109,125)",#656D7D,    
  2377 U           ,"rgb(87,105,123) ",#57697B,    
  2378 U           ,"rgb(87,95,114)  ",#575F72,    
  2379 U           ,"rgb(87,92,104)  ",#575C68,    
  2380 U           ,"rgb(83,87,102)  ",#535766,    
  2381 U           ,"rgb(103,142,217)",#678ED9,    
  2382 U           ,"rgb(67,131,210) ",#4383D2,    
  2383 U           ,"rgb(80,116,162) ",#5074A2,    
  2384 U           ,"rgb(64,105,151) ",#406997,    
  2385 U           ,"rgb(224,111,194)",#E06FC2,    
  2386 U           ,"rgb(87,112,190) ",#5770BE,    
  2387 U           ,"rgb(76,104,190) ",#4C68BE,    
  2388 U           ,"rgb(63,94,169)  ",#3F5EA9,    
  2389 U           ,"rgb(97,158,198) ",#619EC6,    
  2390 U           ,"rgb(82,132,170) ",#5284AA,    
  2391 U           ,"rgb(75,132,161) ",#4B84A1,    
  2392 U           ,"rgb(89,124,145) ",#597C91,    
  2393 U           ,"rgb(5,151,204)  ",#0597CC,    
  2394 U           ,"rgb(0,145,206)  ",#0091CE,    
  2395 U           ,"rgb(213,87,175) ",#D557AF,    
  2396 U           ,"rgb(19,150,171) ",#1396AB,    
  2397 U           ,"rgb(0,179,184)  ",#00B3B8,    
  2398 U           ,"rgb(51,190,183) ",#33BEB7,    
  2399 U           ,"rgb(0,176,165)  ",#00B0A5,    
  2400 U           ,"rgb(0,177,153)  ",#00B199,    
  2401 U           ,"rgb(87,168,155) ",#57A89B,    
  2402 U           ,"rgb(0,160,140)  ",#00A08C,    
  2403 U           ,"rgb(0,144,132)  ",#009084,    
  2404 U           ,"rgb(160,180,155)",#A0B49B,    
  2405 U           ,"rgb(187,86,157) ",#BB569D,    
  2406 U           ,"rgb(137,161,144)",#89A190,    
  2407 U           ,"rgb(121,146,129)",#799281,    
  2408 U           ,"rgb(91,122,102) ",#5B7A66,    
  2409 U           ,"rgb(101,116,101)",#657465,    
  2410 U           ,"rgb(97,112,96)  ",#617060,    
  2411 U           ,"rgb(75,98,75)   ",#4B624B,    
  2412 U           ,"rgb(100,218,161)",#64DAA1,    
  2413 U           ,"rgb(78,177,142) ",#4EB18E,    
  2414 U           ,"rgb(46,180,128) ",#2EB480,    
  2415 U           ,"rgb(171,84,145) ",#AB5491,    
  2416 U           ,"rgb(29,177,129) ",#1DB181,    
  2417 U           ,"rgb(82,158,122) ",#529E7A,    
  2418 U           ,"rgb(0,135,89)   ",#008759,    
  2419 U           ,"rgb(58,125,104) ",#3A7D68,    
  2420 U           ,"rgb(47,199,116) ",#2FC774,    
  2421 U           ,"rgb(77,185,56)  ",#4DB938,    
  2422 U           ,"rgb(54,168,87)  ",#36A857,    
  2423 U           ,"rgb(0,173,74)   ",#00AD4A,    
  2424 U           ,"rgb(77,164,58)  ",#4DA43A,    
  2425 U           ,"rgb(151,83,129) ",#975381,    
  2426 U           ,"rgb(18,148,71)  ",#129447,    
  2427 U           ,"rgb(71,114,75)  ",#47724B,    
  2428 U           ,"rgb(220,143,84) ",#DC8F54,    
  2429 U           ,"rgb(191,113,80) ",#BF7150,    
  2430 U           ,"rgb(215,162,127)",#D7A27F,    
  2431 U           ,"rgb(221,151,102)",#DD9766,    
  2432 U           ,"rgb(220,143,104)",#DC8F68,    
  2433 U           ,"rgb(216,131,101)",#D88365,    
  2434 U           ,"rgb(225,128,107)",#E1806B,    
  2435 U           ,"rgb(187,122,105)",#BB7A69,    
  2436 U           ,"rgb(177,104,93) ",#B1685D,    
  2437 U           ,"rgb(248,191,157)",#F8BF9D,    
  2438 U           ,"rgb(229,161,135)",#E5A187,    
  2439 U           ,"rgb(193,134,119)",#C18677,    
  2440 U           ,"rgb(180,146,139)",#B4928B,    
  2441 U           ,"rgb(166,122,111)",#A67A6F,    
  2442 U           ,"rgb(158,112,106)",#9E706A,    
  2443 U           ,"rgb(143,91,79)  ",#8F5B4F,    
  2444 U           ,"rgb(223,166,157)",#DFA69D,    
  2445 U           ,"rgb(222,136,142)",#DE888E,    
  2446 U           ,"rgb(207,134,140)",#CF868C,    
  2447 U           ,"rgb(172,121,126)",#AC797E,    
  2448 U           ,"rgb(216,117,107)",#D8756B,    
  2449 U           ,"rgb(101,79,76)  ",#654F4C,    
  2450 U           ,"rgb(213,96,141) ",#D5608D,    
  2451 U           ,"rgb(180,94,123) ",#B45E7B,    
  2452 U           ,"rgb(192,85,120) ",#C05578,    
  2453 U           ,"rgb(180,146,192)",#B492C0,    
  2454 U           ,"rgb(78,123,152) ",#4E7B98,    
  2455 U           ,"rgb(136,181,172)",#88B5AC,    
  2456 U           ,"rgb(79,151,137) ",#4F9789,    
  2457 U           ,"rgb(134,162,148)",#86A294,    
  2458 U           ,"rgb(113,150,133)",#719685,    
  2459 U           ,"rgb(92,170,144) ",#5CAA90,    
  2460 U           ,"rgb(97,162,158) ",#61A29E,    
  2461 U           ,"rgb(71,139,137) ",#478B89,    
  2462 U           ,"rgb(96,131,125) ",#60837D,    
  2463 U           ,"rgb(108,124,121)",#6C7C79,    
  2464 U           ,"rgb(119,187,119)",#77BB77,    
  2465 U           ,"rgb(78,119,84)  ",#4E7754,    
  2466 U           ,"rgb(79,95,95)   ",#4F5F5F,    
  2467 U           ,"rgb(188,155,127)",#BC9B7F,    
  2468 U           ,"rgb(161,127,110)",#A17F6E,    
  2469 U           ,"rgb(152,113,97) ",#987161,    
  2470 U           ,"rgb(158,138,119)",#9E8A77,    
  2471 U           ,"rgb(170,146,133)",#AA9285,    
  2472 U           ,"rgb(115,98,85)  ",#736255,    
  2473 U           ,"rgb(199,186,191)",#C7BABF,    
  2474 U           ,"rgb(183,168,161)",#B7A8A1,    
  2475 U           ,"rgb(168,147,142)",#A8938E,    
  2476 U           ,"rgb(148,133,132)",#948584,    
  2477 U           ,"rgb(129,114,112)",#817270,    
  2478 U           ,"rgb(101,89,91)  ",#65595B,    
  2479 U           ,"rgb(96,90,87)   ",#605A57,    
  2562 U           ,"rgb(221,174,233)",#DDAEE9,    
  2563 U           ,"rgb(205,162,217)",#CDA2D9,    
  2567 U           ,"rgb(192,159,219)",#C09FDB,    
  2572 U           ,"rgb(205,144,222)",#CD90DE,    
  2573 U           ,"rgb(185,137,203)",#B989CB,    
  2577 U           ,"rgb(164,126,198)",#A47EC6,    
  2582 U           ,"rgb(187,118,207)",#BB76CF,    
  2583 U           ,"rgb(163,114,181)",#A372B5,    
  2587 U           ,"rgb(147,109,183)",#936DB7,    
  2592 U           ,"rgb(170,96,191) ",#AA60BF,    
  2593 U           ,"rgb(142,93,160) ",#8E5DA0,    
  2597 U           ,"rgb(130,90,164) ",#825AA4,    
  2602 U           ,"rgb(151,87,166) ",#9757A6,    
  2603 U           ,"rgb(132,89,145) ",#845991,    
  2607 U           ,"rgb(122,88,150) ",#7A5896,    
  2612 U           ,"rgb(134,87,141) ",#86578D,    
  2613 U           ,"rgb(125,87,135) ",#7D5787,    
  2617 U           ,"rgb(115,84,137) ",#735489,    
  2622 U           ,"rgb(123,91,122) ",#7B5B7A,    
  2623 U           ,"rgb(117,85,122) ",#75557A,    
  2627 U           ,"rgb(110,82,124) ",#6E527C,    
  2635 U           ,"rgb(201,183,232)",#C9B7E8,    
  2645 U           ,"rgb(185,163,227)",#B9A3E3,    
  2655 U           ,"rgb(162,136,217)",#A288D9,    
  2665 U           ,"rgb(140,111,202)",#8C6FCA,    
  2685 U           ,"rgb(118,91,167) ",#765BA7,    
  2695 U           ,"rgb(108,93,128) ",#6C5D80,    
  2705 U           ,"rgb(186,182,233)",#BAB6E9,    
  2706 U           ,"rgb(204,212,241)",#CCD4F1,    
  2707 U           ,"rgb(199,219,244)",#C7DBF4,    
  2708 U           ,"rgb(178,201,239)",#B2C9EF,    
  2715 U           ,"rgb(159,152,223)",#9F98DF,    
  2716 U           ,"rgb(162,175,233)",#A2AFE9,    
  2717 U           ,"rgb(169,200,244)",#A9C8F4,    
  2718 U           ,"rgb(106,135,216)",#6A87D8,    
  2725 U           ,"rgb(137,128,212)",#8980D4,    
  2726 U           ,"rgb(113,122,207)",#717ACF,    
  2727 U           ,"rgb(100,144,232)",#6490E8,    
  2728 U           ,"rgb(82,104,194) ",#5268C2,    
  2735 U           ,"rgb(104,87,178) ",#6857B2,    
  2736 U           ,"rgb(94,96,186)  ",#5E60BA,    
  2738 U           ,"rgb(71,77,164)  ",#474DA4,    
  2745 U           ,"rgb(97,85,154)  ",#61559A,    
  2746 U           ,"rgb(89,92,165)  ",#595CA5,    
  2747 U           ,"rgb(66,79,144)  ",#424F90,    
  2748 U           ,"rgb(72,79,140)  ",#484F8C,    
  2755 U           ,"rgb(93,83,139)  ",#5D538B,    
  2756 U           ,"rgb(88,92,140)  ",#585C8C,    
  2757 U           ,"rgb(69,79,126)  ",#454F7E,    
  2758 U           ,"rgb(72,77,122)  ",#484D7A,    
  2765 U           ,"rgb(87,79,119)  ",#574F77,    
  2766 U           ,"rgb(87,90,124)  ",#575A7C,    
  2767 U           ,"rgb(74,76,100)  ",#4A4C64,    
  2768 U           ,"rgb(74,78,109)  ",#4A4E6D,    
  2905 U           ,"rgb(138,201,237)",#8AC9ED,    
  2915 U           ,"rgb(100,179,232)",#64B3E8,    
  2925 U           ,"rgb(64,151,219) ",#4097DB,    
  2935 U           ,"rgb(27,95,170)  ",#1B5FAA,    
  2945 U           ,"rgb(41,88,140)  ",#29588C,    
  2955 U           ,"rgb(57,87,117)  ",#395775,    
  2965 U           ,"rgb(61,82,101)  ",#3D5265,    
  2975 U           ,"rgb(139,213,238)",#8BD5EE,    
  2985 U           ,"rgb(72,184,231) ",#48B8E7,    
  2995 U           ,"rgb(13,157,219) ",#0D9DDB,    
  3005 U           ,"rgb(0,120,191)  ",#0078BF,    
  3015 U           ,"rgb(33,106,149) ",#216A95,    
  3025 U           ,"rgb(55,97,122)  ",#37617A,    
  3035 U           ,"rgb(64,88,102)  ",#405866,    
  3105 U           ,"rgb(76,206,222) ",#4CCEDE,    
  3115 U           ,"rgb(0,191,211)  ",#00BFD3,    
  3125 U           ,"rgb(0,171,194)  ",#00ABC2,    
  3135 U           ,"rgb(0,142,166)  ",#008EA6,    
  3145 U           ,"rgb(0,119,136)  ",#007788,    
  3155 U           ,"rgb(27,104,117) ",#1B6875,    
  3165 U           ,"rgb(47,92,102)  ",#2F5C66,    
  3242 U           ,"rgb(93,219,211) ",#5DDBD3,    
  3245 U           ,"rgb(78,220,202) ",#4EDCCA,    
  3248 U           ,"rgb(106,206,185)",#6ACEB9,    
  3252 U           ,"rgb(0,205,194)  ",#00CDC2,    
  3255 U           ,"rgb(0,207,187)  ",#00CFBB,    
  3258 U           ,"rgb(72,193,172) ",#48C1AC,    
  3262 U           ,"rgb(0,186,174)  ",#00BAAE,    
  3265 U           ,"rgb(0,192,170)  ",#00C0AA,    
  3268 U           ,"rgb(40,178,154) ",#28B29A,    
  3272 U           ,"rgb(0,164,154)  ",#00A49A,    
  3275 U           ,"rgb(0,170,147)  ",#00AA93,    
  3278 U           ,"rgb(0,156,130)  ",#009C82,    
  3282 U           ,"rgb(0,135,128)  ",#008780,    
  3285 U           ,"rgb(0,144,129)  ",#009081,    
  3288 U           ,"rgb(32,135,118) ",#208776,    
  3292 U           ,"rgb(52,110,106) ",#346E6A,    
  3295 U           ,"rgb(35,126,116) ",#237E74,    
  3298 U           ,"rgb(56,116,105) ",#387469,    
  3302 U           ,"rgb(65,97,95)   ",#41615F,    
  3305 U           ,"rgb(70,105,100) ",#466964,    
  3308 U           ,"rgb(72,97,91)   ",#48615B,    
  3375 U           ,"rgb(95,224,183) ",#5FE0B7,    
  3385 U           ,"rgb(58,212,167) ",#3AD4A7,    
  3395 U           ,"rgb(0,199,149)  ",#00C795,    
  3405 U           ,"rgb(0,178,122)  ",#00B27A,    
  3415 U           ,"rgb(48,129,103) ",#308167,    
  3425 U           ,"rgb(65,119,100) ",#417764,    
  3435 U           ,"rgb(75,103,91)  ",#4B675B,    
  3500 U           ,"rgb(40,117,87)  ",#287557,    
  3501 U           ,"rgb(90,167,73)  ",#5AA749,    
  3506 U           ,"rgb(86,113,168) ",#5671A8,    
  3507 U           ,"rgb(169,205,52) ",#A9CD34,    
  3508 U           ,"rgb(111,131,89) ",#6F8359,    
  3514 U           ,"rgb(244,180,60) ",#F4B43C,    
  3515 U           ,"rgb(109,69,124) ",#6D457C,    
  3516 U           ,"rgb(209,78,57)  ",#D14E39,    
  3517 U           ,"rgb(187,61,67)  ",#BB3D43,    
  3519 U           ,"rgb(228,163,161)",#E4A3A1,    
  3520 U           ,"rgb(168,120,185)",#A878B9,    
  3522 U           ,"rgb(0,135,83)   ",#008753,    
  3523 U           ,"rgb(128,85,88)  ",#805558,    
  3524 U           ,"rgb(89,84,103)  ",#595467,    
  3526 U           ,"rgb(115,133,141)",#73858D,    
  3527 U           ,"rgb(208,83,148) ",#D05394,    
  3529 U           ,"rgb(76,166,82)  ",#4CA652,    
  3533 U           ,"rgb(70,209,184) ",#46D1B8,    
  3534 U           ,"rgb(0,166,151)  ",#00A697,    
  3535 U           ,"rgb(93,70,125)  ",#5D467D,    
  3536 U           ,"rgb(0,135,95)   ",#00875F,    
  3537 U           ,"rgb(71,104,87)  ",#476857,    
  3538 U           ,"rgb(0,139,202)  ",#008BCA,    
  3539 U           ,"rgb(96,158,87)  ",#609E57,    
  3541 U           ,"rgb(0,148,156)  ",#00949C,    
  3542 U           ,"rgb(90,75,124)  ",#5A4B7C,    
  3543 U           ,"rgb(154,132,201)",#9A84C9,    
  3544 U           ,"rgb(229,182,159)",#E5B69F,    
  3545 U           ,"rgb(0,180,223)  ",#00B4DF,    
  3546 U           ,"rgb(194,67,66)  ",#C24342,    
  3547 U           ,"rgb(191,142,81) ",#BF8E51,    
  3551 U           ,"rgb(0,156,186)  ",#009CBA,    
  3553 U           ,"rgb(0,117,173)  ",#0075AD,    
  3555 U           ,"rgb(103,81,124) ",#67517C,    
  3556 U           ,"rgb(233,81,72)  ",#E95148,    
  3557 U           ,"rgb(27,118,121) ",#1B7679,    
  3558 U           ,"rgb(142,148,205)",#8E94CD,    
  3559 U           ,"rgb(132,94,154) ",#845E9A,    
  3560 U           ,"rgb(0,171,160)  ",#00ABA0,    
  3561 U           ,"rgb(120,191,58) ",#78BF3A,    
  3564 U           ,"rgb(244,118,45) ",#F4762D,    
  3566 U           ,"rgb(96,83,118)  ",#605376,    
  3568 U           ,"rgb(248,195,214)",#F8C3D6,    
  3570 U           ,"rgb(167,204,35) ",#A7CC23,    
  3572 U           ,"rgb(254,160,152)",#FEA098,    
  3574 U           ,"rgb(107,97,127) ",#6B617F,    
  3575 U           ,"rgb(142,113,185)",#8E71B9,    
  3577 U           ,"rgb(125,173,208)",#7DADD0,    
  3581 U           ,"rgb(85,88,119)  ",#555877,    
  3582 U           ,"rgb(198,115,154)",#C6739A,    
  3583 U           ,"rgb(99,78,130)  ",#634E82,    
  3584 U           ,"rgb(90,93,130)  ",#5A5D82,    
  3588 U           ,"rgb(254,150,75) ",#FE964B,    
  3590 U           ,"rgb(96,106,156) ",#606A9C,    
  3591 U           ,"rgb(80,87,132)  ",#505784,    
  3593 U           ,"rgb(144,110,170)",#906EAA,    
  3595 U           ,"rgb(246,180,206)",#F6B4CE,    
  3596 U           ,"rgb(224,179,128)",#E0B380,    
  3597 U           ,"rgb(84,91,123)  ",#545B7B,    
  3599 U           ,"rgb(218,188,127)",#DABC7F,    
  3935 U           ,"rgb(252,243,137)",#FCF389,    
  3945 U           ,"rgb(252,240,95) ",#FCF05F,    
  3955 U           ,"rgb(250,235,55) ",#FAEB37,    
  3965 U           ,"rgb(248,232,21) ",#F8E815,    
  3975 U           ,"rgb(182,167,45) ",#B6A72D,    
  3985 U           ,"rgb(156,144,63) ",#9C903F,    
  3995 U           ,"rgb(131,123,74) ",#837B4A,    
  4485 U           ,"rgb(123,111,75) ",#7B6F4B,    
  4495 U           ,"rgb(144,132,95) ",#90845F,    
  4505 U           ,"rgb(163,151,113)",#A39771,    
  4515 U           ,"rgb(177,165,126)",#B1A57E,    
  4525 U           ,"rgb(193,181,140)",#C1B58C,    
  4535 U           ,"rgb(202,190,150)",#CABE96,    
  4545 U           ,"rgb(214,204,166)",#D6CCA6,    
  4625 U           ,"rgb(113,88,69)  ",#715845,    
  4635 U           ,"rgb(146,113,94) ",#92715E,    
  4645 U           ,"rgb(160,125,107)",#A07D6B,    
  4655 U           ,"rgb(178,142,123)",#B28E7B,    
  4665 U           ,"rgb(202,165,142)",#CAA58E,    
  4675 U           ,"rgb(218,185,161)",#DAB9A1,    
  4685 U           ,"rgb(230,202,180)",#E6CAB4,    
  4695 U           ,"rgb(119,92,80)  ",#775C50,    
  4705 U           ,"rgb(139,111,102)",#8B6F66,    
  4715 U           ,"rgb(153,125,115)",#997D73,    
  4725 U           ,"rgb(174,145,136)",#AE9188,    
  4735 U           ,"rgb(189,161,149)",#BDA195,    
  4745 U           ,"rgb(206,180,169)",#CEB4A9,    
  4755 U           ,"rgb(220,198,187)",#DCC6BB,    
  4975 U           ,"rgb(116,86,84)  ",#745654,    
  4985 U           ,"rgb(143,106,111)",#8F6A6F,    
  4995 U           ,"rgb(159,120,127)",#9F787F,    
  5005 U           ,"rgb(178,138,144)",#B28A90,    
  5015 U           ,"rgb(202,161,166)",#CAA1A6,    
  5025 U           ,"rgb(220,182,186)",#DCB6BA,    
  5035 U           ,"rgb(230,198,199)",#E6C6C7,    
  5115 U           ,"rgb(111,85,100) ",#6F5564,    
  5125 U           ,"rgb(125,99,120) ",#7D6378,    
  5135 U           ,"rgb(140,114,135)",#8C7287,    
  5145 U           ,"rgb(164,137,159)",#A4899F,    
  5155 U           ,"rgb(185,158,178)",#B99EB2,    
  5165 U           ,"rgb(204,180,196)",#CCB4C4,    
  5175 U           ,"rgb(218,197,208)",#DAC5D0,    
  5185 U           ,"rgb(117,96,105) ",#756069,    
  5195 U           ,"rgb(129,108,120)",#816C78,    
  5205 U           ,"rgb(144,123,138)",#907B8A,    
  5215 U           ,"rgb(162,140,156)",#A28C9C,    
  5225 U           ,"rgb(194,172,185)",#C2ACB9,    
  5235 U           ,"rgb(214,195,204)",#D6C3CC,    
  5245 U           ,"rgb(224,207,214)",#E0CFD6,    
  5255 U           ,"rgb(93,86,108)  ",#5D566C,    
  5265 U           ,"rgb(109,107,130)",#6D6B82,    
  5275 U           ,"rgb(123,121,146)",#7B7992,    
  5285 U           ,"rgb(150,148,172)",#9694AC,    
  5295 U           ,"rgb(177,175,195)",#B1AFC3,    
  5305 U           ,"rgb(197,194,210)",#C5C2D2,    
  5315 U           ,"rgb(219,216,225)",#DBD8E1,    
  5395 U           ,"rgb(70,76,89)   ",#464C59,    
  5405 U           ,"rgb(91,111,128) ",#5B6F80,    
  5415 U           ,"rgb(103,127,145)",#677F91,    
  5425 U           ,"rgb(121,147,165)",#7993A5,    
  5435 U           ,"rgb(157,180,196)",#9DB4C4,    
  5445 U           ,"rgb(180,199,211)",#B4C7D3,    
  5455 U           ,"rgb(199,215,224)",#C7D7E0,    
  5463 U           ,"rgb(62,78,86)   ",#3E4E56,    
  5467 U           ,"rgb(84,95,95)   ",#545F5F,    
  5473 U           ,"rgb(81,109,117) ",#516D75,    
  5477 U           ,"rgb(95,112,112) ",#5F7070,    
  5483 U           ,"rgb(95,130,137) ",#5F8289,    
  5487 U           ,"rgb(105,124,125)",#697C7D,    
  5493 U           ,"rgb(118,156,163)",#769CA3,    
  5497 U           ,"rgb(129,149,149)",#819595,    
  5503 U           ,"rgb(148,183,188)",#94B7BC,    
  5507 U           ,"rgb(150,169,167)",#96A9A7,    
  5513 U           ,"rgb(172,202,205)",#ACCACD,    
  5517 U           ,"rgb(169,186,183)",#A9BAB7,    
  5523 U           ,"rgb(188,213,214)",#BCD5D6,    
  5527 U           ,"rgb(184,199,196)",#B8C7C4,    
  5535 U           ,"rgb(72,89,86)   ",#485956,    
  5545 U           ,"rgb(96,118,111) ",#60766F,    
  5555 U           ,"rgb(118,142,135)",#768E87,    
  5565 U           ,"rgb(138,162,154)",#8AA29A,    
  5575 U           ,"rgb(157,180,171)",#9DB4AB,    
  5585 U           ,"rgb(162,185,175)",#A2B9AF,    
  5595 U           ,"rgb(193,210,199)",#C1D2C7,    
  5605 U           ,"rgb(94,105,94)  ",#5E695E,    
  5615 U           ,"rgb(106,121,112)",#6A7970,    
  5625 U           ,"rgb(121,137,129)",#798981,    
  5635 U           ,"rgb(141,157,148)",#8D9D94,    
  5645 U           ,"rgb(159,175,165)",#9FAFA5,    
  5655 U           ,"rgb(179,192,182)",#B3C0B6,    
  5665 U           ,"rgb(188,200,189)",#BCC8BD,    
  5743 U           ,"rgb(99,106,81)  ",#636A51,    
  5747 U           ,"rgb(112,116,78) ",#70744E,    
  5753 U           ,"rgb(116,124,97) ",#747C61,    
  5757 U           ,"rgb(129,133,92) ",#81855C,    
  5763 U           ,"rgb(126,135,109)",#7E876D,    
  5767 U           ,"rgb(148,152,108)",#94986C,    
  5773 U           ,"rgb(154,161,132)",#9AA184,    
  5777 U           ,"rgb(166,169,123)",#A6A97B,    
  5783 U           ,"rgb(181,187,159)",#B5BB9F,    
  5787 U           ,"rgb(186,190,143)",#BABE8F,    
  5793 U           ,"rgb(197,202,175)",#C5CAAF,    
  5797 U           ,"rgb(199,202,156)",#C7CA9C,    
  5803 U           ,"rgb(207,211,184)",#CFD3B8,    
  5807 U           ,"rgb(209,211,169)",#D1D3A9,    
  5815 U           ,"rgb(115,111,76) ",#736F4C,    
  5825 U           ,"rgb(139,134,93) ",#8B865D,    
  5835 U           ,"rgb(147,143,102)",#938F66,    
  5845 U           ,"rgb(167,163,117)",#A7A375,    
  5855 U           ,"rgb(189,184,137)",#BDB889,    
  5865 U           ,"rgb(204,200,149)",#CCC895,    
  5875 U           ,"rgb(215,211,161)",#D7D3A1,    
  7401 U           ,"rgb(254,229,165)",#FEE5A5,    
  7402 U           ,"rgb(243,218,154)",#F3DA9A,    
  7403 U           ,"rgb(244,207,129)",#F4CF81,    
  7404 U           ,"rgb(253,207,65) ",#FDCF41,    
  7405 U           ,"rgb(230,177,14) ",#E6B10E,    
  7406 U           ,"rgb(241,184,40) ",#F1B828,    
  7407 U           ,"rgb(204,163,110)",#CCA36E,    
  7408 U           ,"rgb(238,157,38) ",#EE9D26,    
  7409 U           ,"rgb(247,173,80) ",#F7AD50,    
  7410 U           ,"rgb(255,160,110)",#FFA06E,    
  7411 U           ,"rgb(233,161,111)",#E9A16F,    
  7412 U           ,"rgb(208,140,96) ",#D08C60,    
  7413 U           ,"rgb(222,137,88) ",#DE8958,    
  7414 U           ,"rgb(192,127,83) ",#C07F53,    
  7415 U           ,"rgb(235,181,165)",#EBB5A5,    
  7416 U           ,"rgb(234,116,106)",#EA746A,    
  7417 U           ,"rgb(231,107,97) ",#E76B61,    
  7418 U           ,"rgb(191,99,102) ",#BF6366,    
  7419 U           ,"rgb(166,98,107) ",#A6626B,    
  7420 U           ,"rgb(164,87,104) ",#A45768,    
  7421 U           ,"rgb(125,78,91)  ",#7D4E5B,    
  7422 U           ,"rgb(253,212,218)",#FDD4DA,    
  7423 U           ,"rgb(226,117,143)",#E2758F,    
  7424 U           ,"rgb(217,87,125) ",#D9577D,    
  7425 U           ,"rgb(187,90,115) ",#BB5A73,    
  7426 U           ,"rgb(177,85,106) ",#B1556A,    
  7427 U           ,"rgb(165,82,92)  ",#A5525C,    
  7428 U           ,"rgb(128,92,103) ",#805C67,    
  7429 U           ,"rgb(238,204,217)",#EECCD9,    
  7430 U           ,"rgb(230,181,201)",#E6B5C9,    
  7431 U           ,"rgb(220,162,185)",#DCA2B9,    
  7432 U           ,"rgb(197,129,154)",#C5819A,    
  7433 U           ,"rgb(185,111,137)",#B96F89,    
  7434 U           ,"rgb(168,103,125)",#A8677D,    
  7435 U           ,"rgb(140,86,107) ",#8C566B,    
  7436 U           ,"rgb(243,213,237)",#F3D5ED,    
  7437 U           ,"rgb(212,182,214)",#D4B6D6,    
  7438 U           ,"rgb(215,155,215)",#D79BD7,    
  7439 U           ,"rgb(192,156,198)",#C09CC6,    
  7440 U           ,"rgb(183,150,186)",#B796BA,    
  7441 U           ,"rgb(174,126,202)",#AE7ECA,    
  7442 U           ,"rgb(158,98,190) ",#9E62BE,    
  7443 U           ,"rgb(221,216,235)",#DDD8EB,    
  7444 U           ,"rgb(188,189,226)",#BCBDE2,    
  7445 U           ,"rgb(172,168,199)",#ACA8C7,    
  7446 U           ,"rgb(148,147,207)",#9493CF,    
  7447 U           ,"rgb(127,115,146)",#7F7392,    
  7448 U           ,"rgb(114,104,116)",#726874,    
  7449 U           ,"rgb(99,81,92)   ",#63515C,    
  7450 U           ,"rgb(195,203,224)",#C3CBE0,    
  7451 U           ,"rgb(148,179,234)",#94B3EA,    
  7452 U           ,"rgb(145,160,228)",#91A0E4,    
  7453 U           ,"rgb(136,173,227)",#88ADE3,    
  7454 U           ,"rgb(117,153,187)",#7599BB,    
  7455 U           ,"rgb(107,125,185)",#6B7DB9,    
  7456 U           ,"rgb(128,137,192)",#8089C0,    
  7457 U           ,"rgb(191,227,237)",#BFE3ED,    
  7458 U           ,"rgb(103,165,191)",#67A5BF,    
  7459 U           ,"rgb(81,142,170) ",#518EAA,    
  7460 U           ,"rgb(0,142,192)  ",#008EC0,    
  7461 U           ,"rgb(68,146,198) ",#4492C6,    
  7462 U           ,"rgb(84,122,163) ",#547AA3,    
  7463 U           ,"rgb(81,101,125) ",#51657D,    
  7464 U           ,"rgb(170,219,215)",#AADBD7,    
  7465 U           ,"rgb(85,199,181) ",#55C7B5,    
  7466 U           ,"rgb(0,180,188)  ",#00B4BC,    
  7467 U           ,"rgb(0,168,176)  ",#00A8B0,    
  7468 U           ,"rgb(63,119,147) ",#3F7793,    
  7469 U           ,"rgb(60,110,137) ",#3C6E89,    
  7470 U           ,"rgb(67,112,131) ",#437083,    
  7471 U           ,"rgb(127,226,216)",#7FE2D8,    
  7472 U           ,"rgb(107,189,185)",#6BBDB9,    
  7473 U           ,"rgb(94,165,154) ",#5EA59A,    
  7474 U           ,"rgb(69,138,148) ",#458A94,    
  7475 U           ,"rgb(107,139,141)",#6B8B8D,    
  7476 U           ,"rgb(90,119,123) ",#5A777B,    
  7477 U           ,"rgb(93,112,121) ",#5D7079,    
  7478 U           ,"rgb(160,234,197)",#A0EAC5,    
  7479 U           ,"rgb(41,203,126) ",#29CB7E,    
  7480 U           ,"rgb(0,194,129)  ",#00C281,    
  7481 U           ,"rgb(0,186,110)  ",#00BA6E,    
  7482 U           ,"rgb(39,167,112) ",#27A770,    
  7483 U           ,"rgb(88,119,98)  ",#587762,    
  7484 U           ,"rgb(69,110,96)  ",#456E60,    
  7485 U           ,"rgb(213,228,192)",#D5E4C0,    
  7486 U           ,"rgb(183,227,148)",#B7E394,    
  7487 U           ,"rgb(139,224,118)",#8BE076,    
  7488 U           ,"rgb(99,208,90)  ",#63D05A,    
  7489 U           ,"rgb(122,171,109)",#7AAB6D,    
  7490 U           ,"rgb(123,158,107)",#7B9E6B,    
  7491 U           ,"rgb(129,140,97) ",#818C61,    
  7492 U           ,"rgb(188,202,135)",#BCCA87,    
  7493 U           ,"rgb(183,193,148)",#B7C194,    
  7494 U           ,"rgb(158,176,145)",#9EB091,    
  7495 U           ,"rgb(131,142,89) ",#838E59,    
  7496 U           ,"rgb(117,132,72) ",#758448,    
  7497 U           ,"rgb(140,135,120)",#8C8778,    
  7498 U           ,"rgb(119,125,100)",#777D64,    
  7499 U           ,"rgb(250,237,188)",#FAEDBC,    
  7500 U           ,"rgb(230,213,171)",#E6D5AB,    
  7501 U           ,"rgb(222,203,165)",#DECBA5,    
  7502 U           ,"rgb(199,175,135)",#C7AF87,    
  7503 U           ,"rgb(157,146,114)",#9D9272,    
  7504 U           ,"rgb(148,130,114)",#948272,    
  7505 U           ,"rgb(136,117,102)",#887566,    
  7506 U           ,"rgb(249,225,183)",#F9E1B7,    
  7507 U           ,"rgb(255,221,170)",#FFDDAA,    
  7508 U           ,"rgb(224,179,132)",#E0B384,    
  7509 U           ,"rgb(210,162,115)",#D2A273,    
  7510 U           ,"rgb(190,139,96) ",#BE8B60,    
  7511 U           ,"rgb(167,119,80) ",#A77750,    
  7512 U           ,"rgb(150,107,71) ",#966B47,    
  7513 U           ,"rgb(231,187,180)",#E7BBB4,    
  7514 U           ,"rgb(218,171,156)",#DAAB9C,    
  7515 U           ,"rgb(194,144,127)",#C2907F,    
  7516 U           ,"rgb(160,116,98) ",#A07462,    
  7517 U           ,"rgb(147,105,87) ",#936957,    
  7518 U           ,"rgb(129,113,114)",#817172,    
  7519 U           ,"rgb(117,107,102)",#756B66,    
  7520 U           ,"rgb(243,196,191)",#F3C4BF,    
  7521 U           ,"rgb(196,161,149)",#C4A195,    
  7522 U           ,"rgb(175,120,113)",#AF7871,    
  7523 U           ,"rgb(169,117,118)",#A97576,    
  7524 U           ,"rgb(163,109,106)",#A36D6A,    
  7525 U           ,"rgb(153,121,112)",#997970,    
  7526 U           ,"rgb(146,95,82)  ",#925F52,    
  7527 U           ,"rgb(220,215,210)",#DCD7D2,    
  7528 U           ,"rgb(210,199,196)",#D2C7C4,    
  7529 U           ,"rgb(187,175,169)",#BBAFA9,    
  7530 U           ,"rgb(169,156,149)",#A99C95,    
  7531 U           ,"rgb(139,127,121)",#8B7F79,    
  7532 U           ,"rgb(120,110,102)",#786E66,    
  7533 U           ,"rgb(110,100,92) ",#6E645C,    
  7534 U           ,"rgb(208,203,195)",#D0CBC3,    
  7535 U           ,"rgb(192,186,176)",#C0BAB0,    
  7536 U           ,"rgb(175,168,157)",#AFA89D,    
  7537 U           ,"rgb(180,184,182)",#B4B8B6,    
  7538 U           ,"rgb(165,170,168)",#A5AAA8,    
  7539 U           ,"rgb(156,158,160)",#9C9EA0,    
  7540 U           ,"rgb(112,116,124)",#70747C,    
  7541 U           ,"rgb(221,228,230)",#DDE4E6,    
  7542 U           ,"rgb(176,197,204)",#B0C5CC,    
  7543 U           ,"rgb(174,184,192)",#AEB8C0,    
  7544 U           ,"rgb(154,165,175)",#9AA5AF,    
  7545 U           ,"rgb(120,131,142)",#78838E,    
  7546 U           ,"rgb(103,112,122)",#67707A,    
  7547 U           ,"rgb(81,84,93)   ",#51545D,    
  7548 U           ,"rgb(255,201,21) ",#FFC915,    
  7549 U           ,"rgb(255,184,56) ",#FFB838,    
  7550 U           ,"rgb(206,151,61) ",#CE973D,    
  7551 U           ,"rgb(174,134,67) ",#AE8643,    
  7552 U           ,"rgb(130,111,75) ",#826F4B,    
  7553 U           ,"rgb(112,101,75) ",#70654B,    
  7554 U           ,"rgb(108,101,88) ",#6C6558,    
  7555 U           ,"rgb(215,169,90) ",#D7A95A,    
  7556 U           ,"rgb(188,153,93) ",#BC995D,    
  7557 U           ,"rgb(165,141,95) ",#A58D5F,    
  7558 U           ,"rgb(155,131,94) ",#9B835E,    
  7559 U           ,"rgb(151,127,94) ",#977F5E,    
  7560 U           ,"rgb(142,126,98) ",#8E7E62,    
  7561 U           ,"rgb(128,121,100)",#807964,    
  7562 U           ,"rgb(189,160,120)",#BDA078,    
  7563 U           ,"rgb(218,165,99) ",#DAA563,    
  7564 U           ,"rgb(222,152,88) ",#DE9858,    
  7565 U           ,"rgb(201,134,89) ",#C98659,    
  7566 U           ,"rgb(174,123,94) ",#AE7B5E,    
  7567 U           ,"rgb(144,112,92) ",#90705C,    
  7568 U           ,"rgb(130,109,94) ",#826D5E,    
  7569 U           ,"rgb(210,142,86) ",#D28E56,    
  7570 U           ,"rgb(209,141,91) ",#D18D5B,    
  7571 U           ,"rgb(195,137,93) ",#C3895D,    
  7572 U           ,"rgb(177,127,91) ",#B17F5B,    
  7573 U           ,"rgb(168,123,89) ",#A87B59,    
  7574 U           ,"rgb(153,119,91) ",#99775B,    
  7575 U           ,"rgb(134,113,90) ",#86715A,    
  7576 U           ,"rgb(218,142,107)",#DA8E6B,    
  7577 U           ,"rgb(225,139,99) ",#E18B63,    
  7578 U           ,"rgb(219,125,89) ",#DB7D59,    
  7579 U           ,"rgb(223,115,87) ",#DF7357,    
  7580 U           ,"rgb(192,109,89) ",#C06D59,    
  7581 U           ,"rgb(145,107,93) ",#916B5D,    
  7582 U           ,"rgb(122,104,94) ",#7A685E,    
  7583 U           ,"rgb(202,125,95) ",#CA7D5F,    
  7584 U           ,"rgb(192,119,89) ",#C07759,    
  7585 U           ,"rgb(182,121,101)",#B67965,    
  7586 U           ,"rgb(162,113,93) ",#A2715D,    
  7587 U           ,"rgb(153,110,92) ",#996E5C,    
  7588 U           ,"rgb(137,110,97) ",#896E61,    
  7589 U           ,"rgb(117,106,99) ",#756A63,    
  7590 U           ,"rgb(219,188,169)",#DBBCA9,    
  7591 U           ,"rgb(198,141,120)",#C68D78,    
  7592 U           ,"rgb(180,114,96) ",#B47260,    
  7593 U           ,"rgb(162,104,89) ",#A26859,    
  7594 U           ,"rgb(139,100,90) ",#8B645A,    
  7595 U           ,"rgb(128,102,92) ",#80665C,    
  7596 U           ,"rgb(119,103,96) ",#776760,    
  7597 U           ,"rgb(214,103,86) ",#D66756,    
  7598 U           ,"rgb(195,109,92) ",#C36D5C,    
  7599 U           ,"rgb(189,105,90) ",#BD695A,    
  7600 U           ,"rgb(155,106,94) ",#9B6A5E,    
  7601 U           ,"rgb(146,105,92) ",#92695C,    
  7602 U           ,"rgb(141,110,97) ",#8D6E61,    
  7603 U           ,"rgb(124,103,93) ",#7C675D,    
  7604 U           ,"rgb(234,216,214)",#EAD8D6,    
  7605 U           ,"rgb(234,196,190)",#EAC4BE,    
  7606 U           ,"rgb(222,160,154)",#DEA09A,    
  7607 U           ,"rgb(203,134,127)",#CB867F,    
  7608 U           ,"rgb(171,110,103)",#AB6E67,    
  7609 U           ,"rgb(146,102,96) ",#926660,    
  7610 U           ,"rgb(128,97,94)  ",#80615E,    
  7611 U           ,"rgb(231,200,190)",#E7C8BE,    
  7612 U           ,"rgb(212,170,160)",#D4AAA0,    
  7613 U           ,"rgb(200,159,151)",#C89F97,    
  7614 U           ,"rgb(174,146,140)",#AE928C,    
  7615 U           ,"rgb(151,132,128)",#978480,    
  7616 U           ,"rgb(134,116,116)",#867474,    
  7617 U           ,"rgb(117,102,103)",#756667,    
  7618 U           ,"rgb(208,138,119)",#D08A77,    
  7619 U           ,"rgb(200,113,100)",#C87164,    
  7620 U           ,"rgb(192,97,91)  ",#C0615B,    
  7621 U           ,"rgb(186,93,90)  ",#BA5D5A,    
  7622 U           ,"rgb(165,93,92)  ",#A55D5C,    
  7623 U           ,"rgb(155,92,87)  ",#9B5C57,    
  7624 U           ,"rgb(141,90,84)  ",#8D5A54,    
  7625 U           ,"rgb(234,119,108)",#EA776C,    
  7626 U           ,"rgb(210,98,95)  ",#D2625F,    
  7627 U           ,"rgb(173,88,87)  ",#AD5857,    
  7628 U           ,"rgb(168,89,89)  ",#A85959,    
  7629 U           ,"rgb(128,91,90)  ",#805B5A,    
  7630 U           ,"rgb(118,89,87)  ",#765957,    
  7631 U           ,"rgb(110,85,85)  ",#6E5555,    
  7632 U           ,"rgb(221,207,208)",#DDCFD0,    
  7633 U           ,"rgb(201,170,174)",#C9AAAE,    
  7634 U           ,"rgb(199,125,146)",#C77D92,    
  7635 U           ,"rgb(205,98,125) ",#CD627D,    
  7636 U           ,"rgb(195,86,109) ",#C3566D,    
  7637 U           ,"rgb(149,88,100) ",#955864,    
  7638 U           ,"rgb(133,86,96)  ",#855660,    
  7639 U           ,"rgb(160,133,138)",#A0858A,    
  7640 U           ,"rgb(155,102,115)",#9B6673,    
  7641 U           ,"rgb(154,93,109) ",#9A5D6D,    
  7642 U           ,"rgb(126,88,103) ",#7E5867,    
  7643 U           ,"rgb(122,90,103) ",#7A5A67,    
  7644 U           ,"rgb(113,88,98)  ",#715862,    
  7645 U           ,"rgb(108,87,96)  ",#6C5760,    
  7646 U           ,"rgb(176,135,153)",#B08799,    
  7647 U           ,"rgb(177,104,137)",#B16889,    
  7648 U           ,"rgb(158,83,123) ",#9E537B,    
  7649 U           ,"rgb(147,83,121) ",#935379,    
  7650 U           ,"rgb(131,85,115) ",#835573,    
  7651 U           ,"rgb(127,92,120) ",#7F5C78,    
  7652 U           ,"rgb(115,85,108) ",#73556C,    
  7653 U           ,"rgb(158,149,160)",#9E95A0,    
  7654 U           ,"rgb(170,138,165)",#AA8AA5,    
  7655 U           ,"rgb(169,120,160)",#A978A0,    
  7656 U           ,"rgb(150,100,141)",#96648D,    
  7657 U           ,"rgb(126,89,120) ",#7E5978,    
  7658 U           ,"rgb(124,94,119) ",#7C5E77,    
  7659 U           ,"rgb(110,90,107) ",#6E5A6B,    
  7660 U           ,"rgb(156,151,168)",#9C97A8,    
  7661 U           ,"rgb(148,127,157)",#947F9D,    
  7662 U           ,"rgb(132,102,140)",#84668C,    
  7663 U           ,"rgb(122,92,131) ",#7A5C83,    
  7664 U           ,"rgb(118,93,132) ",#765D84,    
  7665 U           ,"rgb(114,94,124) ",#725E7C,    
  7666 U           ,"rgb(112,105,119)",#706977,    
  7667 U           ,"rgb(130,140,168)",#828CA8,    
  7668 U           ,"rgb(123,129,164)",#7B81A4,    
  7669 U           ,"rgb(120,120,162)",#7878A2,    
  7670 U           ,"rgb(112,110,154)",#706E9A,    
  7671 U           ,"rgb(110,105,147)",#6E6993,    
  7672 U           ,"rgb(107,102,142)",#6B668E,    
  7673 U           ,"rgb(108,109,141)",#6C6D8D,    
  7674 U           ,"rgb(146,150,184)",#9296B8,    
  7675 U           ,"rgb(136,140,175)",#888CAF,    
  7676 U           ,"rgb(130,122,163)",#827AA3,    
  7677 U           ,"rgb(124,109,150)",#7C6D96,    
  7678 U           ,"rgb(118,102,145)",#766691,    
  7679 U           ,"rgb(110,98,139) ",#6E628B,    
  7680 U           ,"rgb(105,89,129) ",#695981,    
  7681 U           ,"rgb(157,176,208)",#9DB0D0,    
  7682 U           ,"rgb(128,151,191)",#8097BF,    
  7683 U           ,"rgb(105,130,176)",#6982B0,    
  7684 U           ,"rgb(98,118,163) ",#6276A3,    
  7685 U           ,"rgb(94,113,157) ",#5E719D,    
  7686 U           ,"rgb(85,105,149) ",#556995,    
  7687 U           ,"rgb(82,95,141)  ",#525F8D,    
  7688 U           ,"rgb(94,154,202) ",#5E9ACA,    
  7689 U           ,"rgb(86,147,193) ",#5693C1,    
  7690 U           ,"rgb(76,127,167) ",#4C7FA7,    
  7691 U           ,"rgb(70,113,152) ",#467198,    
  7692 U           ,"rgb(76,107,139) ",#4C6B8B,    
  7693 U           ,"rgb(77,100,128) ",#4D6480,    
  7694 U           ,"rgb(77,97,121)  ",#4D6179,    
  7695 U           ,"rgb(130,168,189)",#82A8BD,    
  7696 U           ,"rgb(113,155,175)",#719BAF,    
  7697 U           ,"rgb(105,143,164)",#698FA4,    
  7698 U           ,"rgb(99,127,146) ",#637F92,    
  7699 U           ,"rgb(94,118,136) ",#5E7688,    
  7700 U           ,"rgb(85,114,136) ",#557288,    
  7701 U           ,"rgb(73,107,128) ",#496B80,    
  7702 U           ,"rgb(93,171,198) ",#5DABC6,    
  7703 U           ,"rgb(70,160,191) ",#46A0BF,    
  7704 U           ,"rgb(52,139,172) ",#348BAC,    
  7705 U           ,"rgb(60,125,154) ",#3C7D9A,    
  7706 U           ,"rgb(67,122,148) ",#437A94,    
  7707 U           ,"rgb(71,115,136) ",#477388,    
  7708 U           ,"rgb(69,107,125) ",#456B7D,    
  7709 U           ,"rgb(110,178,189)",#6EB2BD,    
  7710 U           ,"rgb(64,170,184) ",#40AAB8,    
  7711 U           ,"rgb(23,157,171) ",#179DAB,    
  7712 U           ,"rgb(34,139,157) ",#228B9D,    
  7713 U           ,"rgb(45,134,146) ",#2D8692,    
  7714 U           ,"rgb(53,129,137) ",#358189,    
  7715 U           ,"rgb(65,113,120) ",#417178,    
  7716 U           ,"rgb(73,153,150) ",#499996,    
  7717 U           ,"rgb(62,142,139) ",#3E8E8B,    
  7718 U           ,"rgb(53,130,130) ",#358282,    
  7719 U           ,"rgb(65,123,123) ",#417B7B,    
  7720 U           ,"rgb(71,118,117) ",#477675,    
  7721 U           ,"rgb(73,115,117) ",#497375,    
  7722 U           ,"rgb(74,107,110) ",#4A6B6E,    
  7723 U           ,"rgb(107,172,146)",#6BAC92,    
  7724 U           ,"rgb(78,155,128) ",#4E9B80,    
  7725 U           ,"rgb(55,146,114) ",#379272,    
  7726 U           ,"rgb(52,133,105) ",#348569,    
  7727 U           ,"rgb(62,124,101) ",#3E7C65,    
  7728 U           ,"rgb(69,120,101) ",#457865,    
  7729 U           ,"rgb(72,111,103) ",#486F67,    
  7730 U           ,"rgb(104,156,122)",#689C7A,    
  7731 U           ,"rgb(88,146,107) ",#58926B,    
  7732 U           ,"rgb(73,133,100) ",#498564,    
  7733 U           ,"rgb(75,124,99)  ",#4B7C63,    
  7734 U           ,"rgb(89,119,101) ",#597765,    
  7735 U           ,"rgb(95,113,99)  ",#5F7163,    
  7736 U           ,"rgb(92,107,98)  ",#5C6B62,    
  7737 U           ,"rgb(123,172,102)",#7BAC66,    
  7738 U           ,"rgb(101,169,105)",#65A969,    
  7739 U           ,"rgb(92,163,105) ",#5CA369,    
  7740 U           ,"rgb(94,152,101) ",#5E9865,    
  7741 U           ,"rgb(101,146,103)",#659267,    
  7742 U           ,"rgb(104,133,100)",#688564,    
  7743 U           ,"rgb(94,116,93)  ",#5E745D,    
  7744 U           ,"rgb(185,190,86) ",#B9BE56,    
  7745 U           ,"rgb(175,179,93) ",#AFB35D,    
  7746 U           ,"rgb(155,159,96) ",#9B9F60,    
  7747 U           ,"rgb(144,150,97) ",#909661,    
  7748 U           ,"rgb(135,140,98) ",#878C62,    
  7749 U           ,"rgb(128,131,99) ",#808363,    
  7750 U           ,"rgb(119,122,97) ",#777A61,    
  7751 U           ,"rgb(209,189,113)",#D1BD71,    
  7752 U           ,"rgb(213,185,97) ",#D5B961,    
  7753 U           ,"rgb(198,170,93) ",#C6AA5D,    
  7754 U           ,"rgb(164,145,94) ",#A4915E,    
  7755 U           ,"rgb(144,133,95) ",#90855F,    
  7756 U           ,"rgb(131,125,98) ",#837D62,    
  7757 U           ,"rgb(122,117,95) ",#7A755F,    
  7758 U           ,"rgb(218,201,88) ",#DAC958,    
  7759 U           ,"rgb(200,184,82) ",#C8B852,    
  7760 U           ,"rgb(150,143,94) ",#968F5E,    
  7761 U           ,"rgb(130,129,98) ",#828162,    
  7762 U           ,"rgb(116,122,99) ",#747A63,    
  7763 U           ,"rgb(113,116,99) ",#717463,    
  7764 U           ,"rgb(108,110,96) ",#6C6E60,    
  7765 U           ,"rgb(192,186,94) ",#C0BA5E,    
  7766 U           ,"rgb(187,179,95) ",#BBB35F,    
  7767 U           ,"rgb(177,167,99) ",#B1A763,    
  7768 U           ,"rgb(149,139,98) ",#958B62,    
  7769 U           ,"rgb(129,119,95) ",#81775F,    
  7770 U           ,"rgb(119,113,97) ",#777161,    
  7771 U           ,"rgb(103,101,90) ",#67655A,    
  Black 2 U        ,"rgb(100,96,82)  ",#646052,    
  Black 3 U        ,"rgb(89,93,89)   ",#595D59,    
  Black 4 U        ,"rgb(105,96,86)  ",#696056,    
  Black 5 U        ,"rgb(104,90,92)  ",#685A5C,    
  Black 6 U        ,"rgb(76,78,86)   ",#4C4E56,    
  Black 7 U        ,"rgb(108,104,100)",#6C6864,    
  Black U          ,"rgb(97,93,89)   ",#615D59,    
  Blue 072 U       ,"rgb(63,67,173)  ",#3F43AD,    
  Bright Red U     ,"rgb(254,84,66)  ",#FE5442,    
  Cool Gray 1 U    ,"rgb(218,217,214)",#DAD9D6,    
  Cool Gray 2 U    ,"rgb(202,202,200)",#CACAC8,    
  Cool Gray 3 U    ,"rgb(197,197,197)",#C5C5C5,    
  Cool Gray 4 U    ,"rgb(183,184,185)",#B7B8B9,    
  Cool Gray 5 U    ,"rgb(173,174,176)",#ADAEB0,    
  Cool Gray 6 U    ,"rgb(164,166,168)",#A4A6A8,    
  Cool Gray 7 U    ,"rgb(155,158,160)",#9B9EA0,    
  Cool Gray 8 U    ,"rgb(147,149,152)",#939598,    
  Cool Gray 9 U    ,"rgb(137,139,142)",#898B8E,    
  Cool Gray 10 U   ,"rgb(129,131,135)",#818387,    
  Cool Gray 11 U   ,"rgb(122,125,129)",#7A7D81,    
  Dark Blue U      ,"rgb(68,71,149)  ",#444795,    
  Green U          ,"rgb(0,172,140)  ",#00AC8C,    
  Medium Purple U  ,"rgb(101,66,138) ",#65428A,    
  Orange 021 U     ,"rgb(255,108,47) ",#FF6C2F,    
  Pink U           ,"rgb(209,66,141) ",#D1428D,    
  Process Black U  ,"rgb(78,74,71)   ",#4E4A47,    
  Process Blue U   ,"rgb(0,131,195)  ",#0083C3,    
  Process Cyan U   ,"rgb(0,151,219)  ",#0097DB,    
  Process Magenta U,"rgb(213,63,119) ",#D53F77,    
  Process Yellow U ,"rgb(255,229,43) ",#FFE52B,    
  Purple U         ,"rgb(191,83,182) ",#BF53B6,    
  Red 032 U        ,"rgb(246,80,88)  ",#F65058,    
  Reflex Blue U    ,"rgb(57,73,156)  ",#39499C,    
  Rhodamine Red U  ,"rgb(228,76,154) ",#E44C9A,    
  Rubine Red U     ,"rgb(219,72,126) ",#DB487E,    
  Violet U         ,"rgb(119,88,179) ",#7758B3,    
  Warm Gray 1 U    ,"rgb(219,213,205)",#DBD5CD,    
  Warm Gray 2 U    ,"rgb(207,199,192)",#CFC7C0,    
  Warm Gray 3 U    ,"rgb(190,182,175)",#BEB6AF,    
  Warm Gray 4 U    ,"rgb(180,172,166)",#B4ACA6,    
  Warm Gray 5 U    ,"rgb(169,161,156)",#A9A19C,    
  Warm Gray 6 U    ,"rgb(162,155,150)",#A29B96,    
  Warm Gray 7 U    ,"rgb(150,143,139)",#968F8B,    
  Warm Gray 8 U    ,"rgb(143,136,132)",#8F8884,    
  Warm Gray 9 U    ,"rgb(134,127,124)",#867F7C,    
  Warm Gray 10 U   ,"rgb(130,124,120)",#827C78,    
  Warm Gray 11 U   ,"rgb(125,119,115)",#7D7773,    
  Warm Red U       ,"rgb(255,102,94) ",#FF665E,    
  Yellow 012 U     ,"rgb(255,224,0)  ",#FFE000,    
  Yellow U         ,"rgb(255,232,0)  ",#FFE800,    